-- MySQL dump 10.13  Distrib 8.0.18, for Win64 (x86_64)
--
-- Host: 127.0.0.1    Database: ecoplan
-- ------------------------------------------------------
-- Server version	8.0.18

/*!40101 SET @OLD_CHARACTER_SET_CLIENT=@@CHARACTER_SET_CLIENT */;
/*!40101 SET @OLD_CHARACTER_SET_RESULTS=@@CHARACTER_SET_RESULTS */;
/*!40101 SET @OLD_COLLATION_CONNECTION=@@COLLATION_CONNECTION */;
/*!50503 SET NAMES utf8 */;
/*!40103 SET @OLD_TIME_ZONE=@@TIME_ZONE */;
/*!40103 SET TIME_ZONE='+00:00' */;
/*!40014 SET @OLD_UNIQUE_CHECKS=@@UNIQUE_CHECKS, UNIQUE_CHECKS=0 */;
/*!40014 SET @OLD_FOREIGN_KEY_CHECKS=@@FOREIGN_KEY_CHECKS, FOREIGN_KEY_CHECKS=0 */;
/*!40101 SET @OLD_SQL_MODE=@@SQL_MODE, SQL_MODE='NO_AUTO_VALUE_ON_ZERO' */;
/*!40111 SET @OLD_SQL_NOTES=@@SQL_NOTES, SQL_NOTES=0 */;

--
-- Table structure for table `atividade`
--

DROP TABLE IF EXISTS `atividade`;
/*!40101 SET @saved_cs_client     = @@character_set_client */;
/*!50503 SET character_set_client = utf8 */;
CREATE TABLE `atividade` (
  `id` int(11) NOT NULL AUTO_INCREMENT,
  `nome` varchar(200) DEFAULT NULL,
  PRIMARY KEY (`id`)
) ENGINE=InnoDB AUTO_INCREMENT=3 DEFAULT CHARSET=utf8 COLLATE=utf8_general_ci;
/*!40101 SET character_set_client = @saved_cs_client */;

--
-- Dumping data for table `atividade`
--

LOCK TABLES `atividade` WRITE;
/*!40000 ALTER TABLE `atividade` DISABLE KEYS */;
INSERT INTO `atividade` VALUES (1,'POSTO DE REVENDA DE COMBUSTÍVEIS'),(2,'INDÚSTRIA');
/*!40000 ALTER TABLE `atividade` ENABLE KEYS */;
UNLOCK TABLES;

--
-- Table structure for table `bairro`
--

DROP TABLE IF EXISTS `bairro`;
/*!40101 SET @saved_cs_client     = @@character_set_client */;
/*!50503 SET character_set_client = utf8 */;
CREATE TABLE `bairro` (
  `id` int(11) NOT NULL AUTO_INCREMENT,
  `id_municipio` int(11) DEFAULT NULL,
  `nome` varchar(100) DEFAULT NULL,
  PRIMARY KEY (`id`),
  KEY `fk_municipio_idx` (`id_municipio`),
  CONSTRAINT `fk_municipio` FOREIGN KEY (`id_municipio`) REFERENCES `municipio` (`id`)
) ENGINE=InnoDB AUTO_INCREMENT=2049 DEFAULT CHARSET=utf8 COLLATE=utf8_general_ci;
/*!40101 SET character_set_client = @saved_cs_client */;

--
-- Dumping data for table `bairro`
--

LOCK TABLES `bairro` WRITE;
/*!40000 ALTER TABLE `bairro` DISABLE KEYS */;
INSERT INTO `bairro` VALUES (1,15,'NOVA CANAA'),(2,45,'ALTO GUANDU'),(3,45,'AMANCIO PIMENTA'),(4,45,'ARREPENDIDO'),(5,45,'BAIRRO DA GRAMA'),(6,45,'BELA VISTA'),(7,45,'BOA FE'),(8,45,'CAMPO VINTE'),(9,45,'CAMPO VINTE E UM'),(10,45,'CARIACICA'),(11,45,'CASA HOMEM DO CAMPO'),(12,45,'CENTRO'),(13,45,'COLINA DO CRUZEIRO'),(14,45,'CONSTANTINO DELPUPO'),(15,45,'CUSTODIO LEITE RIBEIRO'),(16,45,'DA GRAMA'),(17,45,'EMPOSSADO'),(18,45,'ESPLANADA'),(19,45,'FAZENDA GUANDU'),(20,45,'FLORESTA'),(21,45,'FORTALEZA'),(22,45,'GINASIO'),(23,45,'GRAMA'),(24,45,'ITAPOA'),(25,45,'JOAO DUARTE MANSO'),(26,45,'JOAO SOARES'),(27,45,'JOAO VALIM'),(28,45,'MORRO DA CESAN'),(29,45,'MORRO DO IPIRANGA'),(30,45,'MORRO DO QUEROZENE'),(31,45,'MORRO VILA NOVA'),(32,45,'PIRACEMA'),(33,45,'RIO DAS COBRAS'),(34,45,'SAO FRANCISCO'),(35,45,'SAO VICENTE'),(36,45,'SAO VICENTE DE BOLZA'),(37,45,'SEDE'),(38,45,'VARGEM ALTA'),(39,45,'VARGEM GRANDE'),(40,45,'VILA NOVA'),(41,45,'VILA PONTOES'),(42,45,'ZONA RURAL'),(43,49,'APARECIDINHA'),(44,49,'SAO BENTO DE URANIO'),(45,49,'ZONA RURAL'),(46,50,'CENTRO'),(47,51,'ALVORADA II'),(48,51,'CENTRO'),(49,53,'ABB'),(50,53,'ALDEIA CAIEIRAS VELHAS'),(51,53,'ALDEIA REAL'),(52,53,'AREA RURAL'),(53,53,'BAIRRO DE FATIMA'),(54,53,'BALNEARIO DE SANTA CRUZ'),(55,53,'BALNEARIO DO SAUE'),(56,53,'BALNEARIO SANTA CRUZ'),(57,53,'BARRA DO RIACHO'),(58,53,'BARRA DO SAHY'),(59,53,'BECO DO CAMPO DO BEIRA RIO'),(60,53,'BELA VISTA'),(61,53,'BIRIRICAS'),(62,53,'BOA VISTA'),(63,53,'CACHOEIRINHA'),(64,53,'CACHOEIRINHA DE SANTA CRUZ'),(65,53,'CAIEIRAS VELHAS'),(66,53,'CENTRO'),(67,53,'CLEMENTE'),(68,53,'COHAB I'),(69,53,'COHAB II'),(70,53,'COHAB III'),(71,53,'COHAB IV'),(72,53,'COLATINA'),(73,53,'CONJUNTO PADRE BAHUER'),(74,53,'CONJUNTO PEDRO BAUER'),(75,53,'CONJUNTO POR DO SOL'),(76,53,'CONJUNTO SAVASSI'),(77,53,'COQUEIRAL'),(78,53,'COQUEIRAL DE ARACRUZ'),(79,53,'COROADO'),(80,53,'CORREGO ALEGRE'),(81,53,'CORREGO DAGUA'),(82,53,'CUPIDO'),(83,53,'CUPIDO VISTA LINDA'),(84,53,'DE CARLI'),(85,53,'DE FATIMA'),(86,53,'ELIAS BRAGATTO'),(87,53,'FATIMA'),(88,53,'GINASIO'),(89,53,'GIUSEPPE TESTA'),(90,53,'GOIABAS'),(91,53,'GRAPUAMA'),(92,53,'GUANABARA'),(93,53,'GUARANA'),(94,53,'GUAXINDIBA'),(95,53,'IRAJA'),(96,53,'IRAJA I'),(97,53,'IRAJA II'),(98,53,'ITAPARICA'),(99,53,'ITAPUTERA'),(100,53,'JACUPEMBA'),(101,53,'JARDINS'),(102,53,'JEQUITIBA'),(103,53,'LIMAO'),(104,53,'LIMAO I'),(105,53,'LIMAO II'),(106,53,'LOT. POR DO SOL'),(107,53,'MAR AZUL'),(108,53,'MARANATA'),(109,53,'MARIA LOURO DOS SANTOS'),(110,53,'MORADA DO SAHY'),(111,53,'MOROBA'),(112,53,'MOROBAZINHO'),(113,53,'NOVA ARACRUZ'),(114,53,'NOVA COLATINA'),(115,53,'NOVA CONQUISTA'),(116,53,'NOVA CONQUISTA I'),(117,53,'NOVA CONQUISTA II'),(118,53,'NOVA ESPERANCA'),(119,53,'NOVA SANTA CRUZ'),(120,53,'NOVO IRAJA'),(121,53,'NOVO IRAJA II'),(122,53,'NOVO JEQUITIBA'),(123,53,'NOVO POLIVALENTE'),(124,53,'ORLY RAMOS'),(125,53,'PADRE BAHUER'),(126,53,'PARAISO'),(127,53,'PARQUE TROPICAL'),(128,53,'PAU PRETO'),(129,53,'PEDRINHAS BARRA DO SAHY'),(130,53,'PINDORAMA'),(131,53,'PLANALTO'),(132,53,'POLIVALENTE'),(133,53,'PONTAL DO PIRAQUEAÇU'),(134,53,'POR DO SOL'),(135,53,'PRAIA DE COQUEIRAL'),(136,53,'PRAIA DE PUTIRI'),(137,53,'PRAIA DO SAUE'),(138,53,'PRAIA DOS PADRES'),(139,53,'PRIMAVERA'),(140,53,'PUTIRI'),(141,53,'QUATRO IRMAOS'),(142,53,'RECANTO FELIZ'),(143,53,'RESIDENCIAL VALE VERDE'),(144,53,'RESIDENCIAL VISTA LINDA'),(145,53,'RETIRO'),(146,53,'RIBEIRAO DO MEIO'),(147,53,'RIBEIRAO DO SAPE'),(148,53,'SANTA CRUZ'),(149,53,'SANTA LUZIA'),(150,53,'SANTA MARIA DO LIMAO'),(151,53,'SANTA RITA'),(152,53,'SANTA ROSA'),(153,53,'SAO CAMILO'),(154,53,'SAO FRANCISCO'),(155,53,'SAO JORGE'),(156,53,'SAO JOSE'),(157,53,'SAO JOSE GUAXINDIBA'),(158,53,'SAO MARCOS'),(159,53,'SAO PEDRO'),(160,53,'SAPOLANDIA'),(161,53,'SAUACU'),(162,53,'SEGATO'),(163,53,'SOLAR BITTI'),(164,53,'TAQUARAL'),(165,53,'TREVO DO BELA VISTA'),(166,53,'TRIVILIN'),(167,53,'VILA DE GUARANA'),(168,53,'VILA DO RIACHO'),(169,53,'VILA GUARANA'),(170,53,'VILA NOVA'),(171,53,'VILA RICA'),(172,53,'VILA SANTA CRUZ'),(173,53,'VISTA LINDA'),(174,53,'XIQUE XIQUE'),(175,53,'ZONA RURAL'),(176,55,'ALTO GUANDU'),(177,55,'CENTRO'),(178,55,'MASCARENHAS'),(179,55,'MAUA'),(180,55,'MUTUM'),(181,55,'MUTUM PRETO'),(182,55,'OPERARIO'),(183,55,'RESIDENCIAL RICARDO HOLZ'),(184,55,'ROSARIO I'),(185,55,'ROSARIO II'),(186,55,'ROSARIO III'),(187,55,'SANTA MONICA'),(188,55,'SANTA ROSA'),(189,55,'SAO JOSE'),(190,55,'SAO PEDRO'),(191,55,'SAO PEDRO I'),(192,55,'SAO VICENTE'),(193,55,'SAPUCAIA'),(194,55,'URBANA'),(195,55,'VAL PARAISO'),(196,55,'VILA KENEDY'),(197,56,'BAMBE'),(198,56,'CENTRO'),(199,56,'VILA GONCALVES'),(200,56,'VILA PAULISTA'),(201,56,'ZONA RURAL'),(202,58,'NOVO HORIZONTE'),(203,58,'VILA TAVARES'),(204,60,'ALTO RANCHO DANTAS'),(205,60,'AREA RURAL'),(206,60,'BREJAUBINHA'),(207,60,'CENTRO'),(208,60,'COHAB'),(209,60,'CORREGO SERTAOZINHO'),(210,60,'FAZENDA BELA VISTA'),(211,60,'NOBRE'),(212,60,'RIBEIRAO DO MEIO'),(213,60,'SERTAOZINHO'),(214,60,'TRABALHISTA'),(215,60,'ULYANA'),(216,60,'VARGEM GRANDE'),(217,60,'VILA BREJAUBINHA'),(218,60,'VILA CEDRO'),(219,60,'VILA MADALENA'),(220,60,'ZONA RURAL'),(221,61,'AGOSTINHO SIMONATO'),(222,61,'ALTO CORONARA'),(223,61,'BNH'),(224,61,'CENTRO'),(225,61,'DACILEIA'),(226,61,'NOVO PARQUE'),(227,61,'SANTA HELENA'),(228,61,'SAO LUIZ GONZAGA'),(229,61,'VILAGE DA LUZ'),(230,62,'ALICE COUTINHO'),(231,62,'ALTO LAGE'),(232,62,'ALZIRA RAMOS'),(233,62,'ANTONIO FERREIRA BARBOSA'),(234,62,'ANTONIO FERREIRA BORGES'),(235,62,'APARECIDA'),(236,62,'AREINHA'),(237,62,'BANDEIRANTES'),(238,62,'BELA AURORA'),(239,62,'BELA VISTA'),(240,62,'BELA VISTA II'),(241,62,'BOA SORTE'),(242,62,'BOA VISTA'),(243,62,'BOM PASTOR'),(244,62,'BUBU'),(245,62,'CAMPINA GRANDE'),(246,62,'CAMPINA VERDE'),(247,62,'CAMPO BELO'),(248,62,'CAMPO BELO II'),(249,62,'CAMPO GRANDE'),(250,62,'CAMPO NOVO'),(251,62,'CAMPO VERDE'),(252,62,'CAPIXABA'),(253,62,'CARIACICA SEDE'),(254,62,'CASTELO BRANCO'),(255,62,'CENTRAL CARAPINA'),(256,62,'CENTRO'),(257,62,'COLINA'),(258,62,'CRUZEIRO DO SUL'),(259,62,'DEL PORTO'),(260,62,'DOM BOSCO'),(261,62,'ESTRELA DO SUL'),(262,62,'EXPEDITO'),(263,62,'FLEXAL'),(264,62,'FLEXAL I'),(265,62,'FLEXAL II'),(266,62,'FLOR DO CAMPO'),(267,62,'FLORIDA'),(268,62,'GRAUNA'),(269,62,'INDEPENDENCIA'),(270,62,'ITACIBA'),(271,62,'ITANGUA'),(272,62,'ITAPEMIRIM'),(273,62,'ITAQUARI'),(274,62,'JARDIM AMERICA'),(275,62,'JARDIM BOTANICO'),(276,62,'JARDIM BOTANICO II'),(277,62,'JARDIM CAMBURI'),(278,62,'JARDIM CAMPO GRANDE'),(279,62,'JARDIM CAMPO VERDE'),(280,62,'JARDIM DA MONTANHA'),(281,62,'JARDIM DE ALAH'),(282,62,'JARDIM DOS PALMARES'),(283,62,'LIBERDADE'),(284,62,'LIMAO'),(285,62,'LOTEAMENTO SANTO ANTONIO'),(286,62,'MARCILIO DE NORONHA'),(287,62,'MATA DA PRAIA'),(288,62,'MODELO'),(289,62,'MORADA DE CAMPO GRANDE'),(290,62,'MORADA DE SANTA FE'),(291,62,'MORRINHO'),(292,62,'MUCURI'),(293,62,'NELSON RAMOS'),(294,62,'NOVA BRASILIA'),(295,62,'NOVA CAMPO GRANDE'),(296,62,'NOVA CANAA'),(297,62,'NOVA ESPERANCA'),(298,62,'NOVA ESPERANCA I'),(299,62,'NOVA ESPERANCA II'),(300,62,'NOVA ROSA DA PENHA'),(301,62,'NOVA ROSA DA PENHA I'),(302,62,'NOVA ROSA DA PENHA II'),(303,62,'NOVA VALVERDE'),(304,62,'NOVO BRASIL'),(305,62,'OPERARIO'),(306,62,'ORIENTE'),(307,62,'PADRE GABRIEL'),(308,62,'PARQUE GRAMADO'),(309,62,'PARQUE RESIDENCIAL MARACANA'),(310,62,'PIRACEMA'),(311,62,'PIRANEMA'),(312,62,'PORTO BELO I'),(313,62,'PORTO BELO II'),(314,62,'PORTO DE CARIACICA'),(315,62,'PORTO DE SANTANA'),(316,62,'PORTO NOVO'),(317,62,'PROLAR'),(318,62,'PROLAR II'),(319,62,'RESIDENCIAL HORIZONTE'),(320,62,'RESIDENCIAL TIRADENTES'),(321,62,'RETIRO SAUDOSO'),(322,62,'RIO BRANCO'),(323,62,'RIO MARINHO'),(324,62,'ROSA DA PENHA'),(325,62,'SANTA ANA'),(326,62,'SANTA BARBARA'),(327,62,'SANTA CATARINA'),(328,62,'SANTA CATARINA I'),(329,62,'SANTA CECILIA'),(330,62,'SANTA FE'),(331,62,'SANTA LUZIA'),(332,62,'SANTA PAULA'),(333,62,'SANTA PAULA II'),(334,62,'SANTA ROSA'),(335,62,'SANTANA'),(336,62,'SANTO ANDRE'),(337,62,'SANTO ANTONIO'),(338,62,'SAO BENEDITO'),(339,62,'SAO CONRADO'),(340,62,'SAO FRANCISCO'),(341,62,'SAO GERALDO'),(342,62,'SAO GERALDO I'),(343,62,'SAO GERALDO II'),(344,62,'SAO JOAO BATISTA'),(345,62,'SEDE'),(346,62,'SOTEMA'),(347,62,'TABAJARA'),(348,62,'TREVO ALTO LAGE'),(349,62,'TUCUM'),(350,62,'VALE DOS REIS'),(351,62,'VALE DOS REIS II'),(352,62,'VALVERDE'),(353,62,'VASCO DA GAMA'),(354,62,'VERA CRUZ'),(355,62,'VEU PORJO'),(356,62,'VILA BANDEIRANTE'),(357,62,'VILA CAPIXABA'),(358,62,'VILA GRAUNA'),(359,62,'VILA INDEPENDENCIA'),(360,62,'VILA ISABEL'),(361,62,'VILA MARIA'),(362,62,'VILA MERLO'),(363,62,'VILA NOVA'),(364,62,'VILA PALESTINA'),(365,62,'VILA PROGRESSO'),(366,62,'VILA PRUDENCIO'),(367,62,'VISTA DOURADA'),(368,62,'VISTA LINDA'),(369,62,'VISTA MAR'),(370,62,'VISTA MAR II'),(371,62,'ZONA RURAL'),(372,63,'CASTELINHO'),(373,63,'CENTRO'),(374,63,'INDEPENDENCIA'),(375,63,'NITEROI'),(376,63,'NOSSA SENHORA APARECIDA'),(377,63,'NOSSA SENHORA DA APARECIDA'),(378,63,'POUSO ALTO'),(379,63,'RESIDENCIAL FRANCISCO DE SOUZA OLMO'),(380,63,'SANTO AGOSTINHO'),(381,63,'SANTO ANDREZINHO'),(382,63,'SAO MIGUEL'),(383,63,'VALTA REDONDA'),(384,63,'VILA ISABEL'),(385,63,'VILA MARIA'),(386,63,'VOLTA REDONDA'),(387,64,'15 DE OUTUBRO'),(388,64,'25 DE JANEIRO'),(389,64,'ACAMPAMENTO'),(390,64,'ADELIO GIUBERTI'),(391,64,'AEROPORTO'),(392,64,'AEROPORTO II'),(393,64,'AEROPORTO III'),(394,64,'ALTO DA LAGOA'),(395,64,'ALTO SAO VICENTE'),(396,64,'ALTO VICENTE'),(397,64,'ALTO VILA NOVA'),(398,64,'AMARILIO CAIADO FRAGA'),(399,64,'ANCHIETA'),(400,64,'ANGELO FRECHIANI'),(401,64,'ANTONIO DAMIANI'),(402,64,'APARECIDA'),(403,64,'ARANHA'),(404,64,'AYRTON SENNA'),(405,64,'BAIXO GUANDU'),(406,64,'BARBADOS'),(407,64,'BARREIO DE CIMA'),(408,64,'BAUNILHA'),(409,64,'BELA VISTA'),(410,64,'BENJAMIN CARLOS DOS SANTOS'),(411,64,'BOA ESPERAN€A'),(412,64,'BOAPABA'),(413,64,'CAMPESTRE'),(414,64,'CARLOS GERMANO NAUMANN'),(415,64,'CASTELO BRANCO'),(416,64,'CENTRO'),(417,64,'CLEMENTINA PANCOTTI'),(418,64,'COHAB'),(419,64,'COLATINA'),(420,64,'COLATINA VELHA'),(421,64,'COLIBRI'),(422,64,'COLUMBIA'),(423,64,'CORREGO DO OURO'),(424,64,'CORREGO SAO JOAO PEQUENO'),(425,64,'CORREGO SAO JULIAO'),(426,64,'CORREGO VAZANTE GRANDE'),(427,64,'ESPLANADA'),(428,64,'FAZENDA VITALI'),(429,64,'FIORAVANTE MARINO'),(430,64,'FRANCISCO SIMONASSI'),(431,64,'GORDIANO GUIMARAES'),(432,64,'HONORIO FRAGA'),(433,64,'HONÓRIO FRAGA'),(434,64,'IBC'),(435,64,'INDUSTRIAL ALVES MARQUES'),(436,64,'IPATINA'),(437,64,'ITAPINA'),(438,64,'JACARANDA'),(439,64,'JARDIM PLANALTO'),(440,64,'JOAO MANOEL MENEGUELLI'),(441,64,'JOAO MENEGHELLI'),(442,64,'JOSE DE ANCHIETA'),(443,64,'JOSE MENEGUELLI'),(444,64,'LACE'),(445,64,'LUIZ IGLESIAS'),(446,64,'MARIA DAS GRACAS'),(447,64,'MARIA DAS GRAÇAS'),(448,64,'MARIA ISMENIA'),(449,64,'MARILANDIA'),(450,64,'MARIO GIURIZATO'),(451,64,'MARISTA'),(452,64,'MARTINELLI'),(453,64,'MOACIR BROTAS'),(454,64,'MORADA DO SOL'),(455,64,'MORRO DO CAFE'),(456,64,'MOSCHEM'),(457,64,'NOSSA SENHORA APARECIDA'),(458,64,'NOSSA SENHORA DA PENHA'),(459,64,'NOVO HORIZONTE'),(460,64,'OLIVIO ZANOTELLI'),(461,64,'OPERARIOS'),(462,64,'PERPETUO SOCORRO'),(463,64,'PONTE DO PANCAS'),(464,64,'POR DO SOL'),(465,64,'RAUL GIUBERTI'),(466,64,'RECANTO DOS PASSAROS'),(467,64,'RESIDENCIAL NOBRE'),(468,64,'RESIDENCIAL RIVIEIRA'),(469,64,'RETA GRANDE'),(470,64,'RIVIERA'),(471,64,'RIVIERA II'),(472,64,'SANTA CECILIA'),(473,64,'SANTA HELENA'),(474,64,'SANTA JULIA'),(475,64,'SANTA LUZIA'),(476,64,'SANTA MARGARIDA'),(477,64,'SANTA MONICA'),(478,64,'SANTA RITA'),(479,64,'SANTA TERESINHA'),(480,64,'SANTA TEREZINHA'),(481,64,'SANTO ANTONIO'),(482,64,'SANTO ANTONIO DO CANAA'),(483,64,'SANTO ANTONIO DO MUTUM'),(484,64,'SANTOS DUMONT'),(485,64,'SAO BRAS'),(486,64,'SAO GABRIEL DE BAUNILHA'),(487,64,'SAO JOAO GRANDE'),(488,64,'SAO JOAO PEQUENO'),(489,64,'SAO JUDAS TADEU'),(490,64,'SAO MARCOS'),(491,64,'SAO MIGUEL'),(492,64,'SAO PEDRO'),(493,64,'SAO SALVADOR'),(494,64,'SAO SILVANO'),(495,64,'SAO VICENTE'),(496,64,'SIMONASSI'),(497,64,'TUCANOS'),(498,64,'VICENTE SUELLA'),(499,64,'VICENTE SUELLA II'),(500,64,'VILA AMELIA'),(501,64,'VILA JUQUITA'),(502,64,'VILA LENIRA'),(503,64,'VILA LIMEIRA'),(504,64,'VILA NOEMIA'),(505,64,'VILA NOVA'),(506,64,'VILA REAL'),(507,64,'VILAGE JARDIM'),(508,64,'VILLA VERDE'),(509,64,'VISTA DA SERRA'),(510,64,'VISTA LINDA'),(511,64,'ZONA RURAL'),(512,65,'SANTANA'),(513,65,'SAO JORGE'),(514,66,'ALTO RIBEIRAO DO MEIO'),(515,66,'ALVOREDO II'),(516,66,'ARTHUR SOARES'),(517,66,'BARRO BRANCO'),(518,66,'BOA ESPERANCA'),(519,66,'BRANCO'),(520,66,'CAMARGO'),(521,66,'CECILIA LARRIEU'),(522,66,'CENTRO'),(523,66,'COHAB'),(524,66,'COQUEIRAL'),(525,66,'ESTREITO'),(526,66,'INDAIA'),(527,66,'ITAMAR'),(528,66,'LARRIEU'),(529,66,'LOTEAMENTO CAMPO VERDE'),(530,66,'MATA FRIA'),(531,66,'NICOLAU DE VARGAS'),(532,66,'NICOLAU DE VARGAS E SILVA'),(533,66,'PARAISO'),(534,66,'PEDRA LIMPA'),(535,66,'PEDRO RIGO'),(536,66,'PINGA FOGO'),(537,66,'PRAIA DE COQUEIRAL'),(538,66,'RIBEIRAO DO MEIO'),(539,66,'SANTA CRUZ'),(540,66,'TAQUARUSSU'),(541,66,'VICOSA'),(542,66,'ZONA RURAL'),(543,66,'ZORZAL'),(544,69,'ALTO GUANDU'),(545,69,'ALTO JUCU'),(546,69,'ARACE'),(547,69,'AREA RURAL'),(548,69,'BARCELOS'),(549,69,'BENEDITA MONTEIRO'),(550,69,'BIRIRICAS'),(551,69,'BIRIRICAS DE CIMA'),(552,69,'CAMPESTRE'),(553,69,'CAMPINHO'),(554,69,'CENTRO'),(555,69,'CONJUNTO RESIDENCIAL'),(556,69,'COSTA PEREIRA'),(557,69,'DINA BORGES'),(558,69,'DISTRISTO DE ARACÊ'),(559,69,'FAZENDA DO ESTADO'),(560,69,'GALO'),(561,69,'INTERIOR'),(562,69,'JARDIM CAMPESTRE'),(563,69,'LOTEAMENTO CAMPINHO'),(564,69,'LOTEAMENTO PEDRA AZUL'),(565,69,'LOTEAMENTO VIVENDAS'),(566,69,'MANAIN'),(567,69,'MELGA€INHO'),(568,69,'MELGACO'),(569,69,'NOSSA SENHORA DO CARMO'),(570,69,'PARAJU'),(571,69,'PARQUE DOS NOBRES'),(572,69,'PEDRA AZUL'),(573,69,'PEROBAS'),(574,69,'PONTO ALTO'),(575,69,'PONTO ALTO II'),(576,69,'RIO BARCELOS'),(577,69,'RIO PONTE'),(578,69,'SANTA ISABEL'),(579,69,'SANTO ANTONIO'),(580,69,'SAO BENTO'),(581,69,'SAO BENTO DE URANIO'),(582,69,'SAO BENTO DO ALTO JUCU'),(583,69,'SAO MIGUEL'),(584,69,'SAO PAULO DO ARACE'),(585,69,'SEDE'),(586,69,'SETE'),(587,69,'SITIO MARIANELLI'),(588,69,'SITIO RIGAMONTE'),(589,69,'SITIO TAQUARAS'),(590,69,'SITIO VERDE'),(591,69,'SITIO VILA VERDE'),(592,69,'SOIDO'),(593,69,'SOIDO DE BAIXO'),(594,69,'SOIDO DE CIMA'),(595,69,'TIJUCO PRETO'),(596,69,'VALE DA ESTACAO'),(597,69,'VENDA NOVA DO IMIGRANTE'),(598,69,'VILA DA PAZ'),(599,69,'VILA MANAIN'),(600,69,'VILA VERDE'),(601,69,'VIVENDAS'),(602,69,'VIVENDAS DE PEDRA AZUL'),(603,69,'VIVENDAS DO IMPERADOR'),(604,69,'ZONA RURAL'),(605,71,'SANTA MONICA'),(606,71,'TRÒS BARRAS'),(607,75,'ALTO PIABAS'),(608,75,'AREA RURAL'),(609,75,'AZEIAS'),(610,75,'AZRIM CORREIA'),(611,75,'BEIRA LINHA'),(612,75,'BEIRA RIO'),(613,75,'CACHOEIRA'),(614,75,'CAMPESTRE'),(615,75,'CAMPESTRE I'),(616,75,'CAMPESTRE II'),(617,75,'CARNEIRO'),(618,75,'CENTRO'),(619,75,'CISQUINI'),(620,75,'COCAL'),(621,75,'DIRECAO'),(622,75,'DUAS BOCAS'),(623,75,'ENCANTADO'),(624,75,'GOVERNADOR LINDEMBERG'),(625,75,'INTERIOR'),(626,75,'INVASAO'),(627,75,'ITAPIRA'),(628,75,'MORADA DO SOL'),(629,75,'MUNITURA'),(630,75,'NOVA BRASILIA'),(631,75,'ORLY RAMOS'),(632,75,'OSEIAS'),(633,75,'OZEAS'),(634,75,'OZEIAS'),(635,75,'OZEIAS NETTO'),(636,75,'PASTO FUNDAO'),(637,75,'PIRANEMA'),(638,75,'PRAIA GRANDE'),(639,75,'SANTA ANTONIA'),(640,75,'SANTA MARIA'),(641,75,'SANTA MARTA'),(642,75,'SANTA MONICA'),(643,75,'SANTO ANTONIO'),(644,75,'SANTO ANTONIO I'),(645,75,'SANTO ANTONIO II'),(646,75,'SAO ANTONIO'),(647,75,'SAO GERALDO'),(648,75,'SÃO JOSE'),(649,75,'SAO JOSE'),(650,75,'SILVIO SISCHINI'),(651,75,'SISQUINI'),(652,75,'TIMBUI'),(653,75,'TRES BARRAS'),(654,75,'VALAO GRANDE'),(655,75,'ZONA RURAL'),(656,76,'AEROPORTO'),(657,76,'ALBUINO AZEVEDO'),(658,76,'ANCHIETA'),(659,76,'CENTRO'),(660,76,'GOVERNADOR LINDENBERG'),(661,76,'MOACIR'),(662,76,'MORADA DO SOL'),(663,76,'NOVA BRASILIA'),(664,76,'NOVO BRASIL'),(665,76,'POVOADO DE MOACIR'),(666,76,'SOL POENTE'),(667,76,'VILA DE GUARANA'),(668,76,'ZONA RURAL'),(669,77,'CENTRO'),(670,78,'ALTO PIABAS'),(671,78,'BELA VISTA'),(672,78,'CENTRO'),(673,78,'INDEPENDENCIA'),(674,78,'IPIRANGA'),(675,78,'IPÒ'),(676,78,'ITAPEBU€U'),(677,78,'ITAPEBUSSU'),(678,78,'JABARAI'),(679,78,'JARDIM BOA VISTA'),(680,78,'JARDIM EUROPA'),(681,78,'JARDIM SANTA ROSA'),(682,78,'LAGOA FUNDA'),(683,78,'MUQUI€ABA'),(684,78,'MUQUIÇABA'),(685,78,'OLARIA'),(686,78,'PARQUE AREIA PRETA'),(687,78,'PARQUE DA AREIA PRETA'),(688,78,'PORTAL DE GUARAPARI'),(689,78,'PRAIA DE UNA'),(690,78,'PRAIA DO MORRO'),(691,78,'PRAIA DO SOL'),(692,78,'RECANTO DA SEREIA'),(693,78,'RECREIO ATLANTICO'),(694,78,'SANTA LUZIA'),(695,78,'SANTA MARGARIDA'),(696,78,'SANTA RITA'),(697,78,'SAO MIGUEL'),(698,78,'SETIBA'),(699,78,'TODOS SANTOS'),(700,78,'VILLAGE DO SOL'),(701,78,'ZONA RURAL'),(702,79,'ALTO JATIBOCAS'),(703,79,'NOVO HORIZONTE'),(704,79,'SAO JOSE'),(705,80,'ALTO LAJE'),(706,80,'ALTO SOBREIRO'),(707,80,'AMERICO FREDERICO COSER'),(708,80,'AREA RURAL'),(709,80,'ARICANGA'),(710,80,'BARRAGEM'),(711,80,'BELA VISTA'),(712,80,'BOA VISTA'),(713,80,'BR 101'),(714,80,'CABOCLO BERNARDO'),(715,80,'CAMPAGNARO'),(716,80,'CENTENARIO'),(717,80,'CENTRO'),(718,80,'COHAB'),(719,80,'ELIAS BRAGATTO'),(720,80,'ERECINA PAGIOLA'),(721,80,'ERICINA MACEDO'),(722,80,'FRANCISCO CAMPAGNARO'),(723,80,'GUATEMALA'),(724,80,'IBIRACU'),(725,80,'ITACU'),(726,80,'ITAPIRA MIRIM'),(727,80,'JARDIM JANDIRA'),(728,80,'MULTIRAO'),(729,80,'NOSSA SENHORA DA SAUDE'),(730,80,'PALMEIRAS'),(731,80,'PEDRA BRANCA'),(732,80,'PEDRO PALACIOS'),(733,80,'PENDANGA'),(734,80,'PIABAS'),(735,80,'POLO INDUSTRIAL'),(736,80,'PROFESSOR ERICINA'),(737,80,'PROFESSORA ERICINA'),(738,80,'RESIDENCIAL'),(739,80,'RESIDENCIAL CAMPAGNARO'),(740,80,'RESIDENCIAL FRANCISCO CAMPAGNARO'),(741,80,'RIO PEROBAS'),(742,80,'SAO BENEDITO'),(743,80,'SAO CRISTOVAO'),(744,80,'VALADA MAFFEI'),(745,80,'VALE VERDE'),(746,80,'ZONA RURAL'),(747,82,'AMERICO FREDERICO COSER'),(748,84,'ALTO JATIBOCAS'),(749,84,'ALTO LIMOEIRO'),(750,84,'ALTO SOBREIRO'),(751,84,'AMERICO FREDERICO COSER'),(752,84,'ASSENTAMENTO'),(753,84,'BAIXO ITACU'),(754,84,'BALMEIRA'),(755,84,'BARRA BOM DESTINO'),(756,84,'BARRA DO SOBREIRO'),(757,84,'BARRO PRETO'),(758,84,'BEIRA RIO'),(759,84,'BELA VISTA'),(760,84,'BOA VISTA'),(761,84,'CAFUNDO'),(762,84,'CANTINHO FELIZ'),(763,84,'CANTO FELIZ'),(764,84,'CENTRO'),(765,84,'CINCO POTOES'),(766,84,'COHAB'),(767,84,'CONJUNTO BOA ESPERANCA'),(768,84,'CORREGO DAS FLORES'),(769,84,'CORREGO GRANDE'),(770,84,'COSTA DO SOL'),(771,84,'DO LIMOEIRO'),(772,84,'FAZENDA PORTELA'),(773,84,'FLORENCIO BERGER'),(774,84,'FLORENCIO HERZOG'),(775,84,'FREDERICO AMERICO COSER'),(776,84,'HABITACIONAL NOVA ITAGUACU'),(777,84,'ITA€U'),(778,84,'ITAÇU'),(779,84,'ITAIMBE'),(780,84,'ITAIPAVA'),(781,84,'ITAMBE'),(782,84,'ITAQUI'),(783,84,'LAJINHA'),(784,84,'LARANJA DA TERRA'),(785,84,'LIRIO DO CAMPO'),(786,84,'LUIZ HOFFMANN'),(787,84,'MATA PAU'),(788,84,'MORRO DO ESPORTE'),(789,84,'NITEROI'),(790,84,'NOVA ITAGUACU'),(791,84,'OTTO LUIZ HOFFMANN'),(792,84,'PALMEIRAS'),(793,84,'PARAJU'),(794,84,'POTUVERA'),(795,84,'PRETO'),(796,84,'QUEIRA DEUS'),(797,84,'RUA NOVA'),(798,84,'SANTA FE'),(799,84,'SANTA ROSA CRISTAL'),(800,84,'SANTA TERESINHA'),(801,84,'SAO BATISTA'),(802,84,'SAO JOAO BATISTA'),(803,84,'SAO JOSE'),(804,84,'SÃO JOSE'),(805,84,'SETE VOLTAS'),(806,84,'SITIO ALTO SOBREIRO'),(807,84,'SITIO BOA VISTA'),(808,84,'SITIO RUBENS BINDA'),(809,84,'SOBREIRO'),(810,84,'ZONA RURAL'),(811,86,'ACIOLI'),(812,86,'ALTO BOM DESTINO'),(813,86,'ALTO LIMOEIRO'),(814,86,'AREA RURAL'),(815,86,'BAIXO SOSSEGO'),(816,86,'BAIXO SOSSEGO RIZZI'),(817,86,'BANANAL'),(818,86,'BARRA DO SOSSEGO'),(819,86,'BARRA ENCOBERTA'),(820,86,'BOM DESTINO'),(821,86,'CASA DO JOSE CALISTO'),(822,86,'CENTRO'),(823,86,'CIDADE ALTA'),(824,86,'COAN'),(825,86,'COHAB'),(826,86,'ENSEADA'),(827,86,'FAZENDA BERGER'),(828,86,'ITARANINHA'),(829,86,'JARDIM ATLANTICO'),(830,86,'JATIBOCAS'),(831,86,'LIMOEIRO'),(832,86,'LIMOEIRO CARAVAGIO'),(833,86,'LIMOEIRO SANTO ANTONIO'),(834,86,'LORIATO ZONA RURAL'),(835,86,'MENEGHEL'),(836,86,'NITEROI'),(837,86,'NOVA COHAB'),(838,86,'NOVO BRASIL'),(839,86,'PALMITO'),(840,86,'PEDRA ALEGRE'),(841,86,'PRACA OITO'),(842,86,'QUILOMBO'),(843,86,'RESIDENCIAL ITARANINHA'),(844,86,'RIZZI'),(845,86,'RODOVIA'),(846,86,'RUA ANGELA FIOROT'),(847,86,'SANTA HELENA'),(848,86,'SANTA JOANA'),(849,86,'SANTA RITA'),(850,86,'SANTA TERESINHA'),(851,86,'SANTA TEREZINHA'),(852,86,'SANTO ANTONIO'),(853,86,'SOSSEGO'),(854,86,'TONIATO'),(855,86,'TRIUNFO'),(856,86,'VILA DE ITAUNAS'),(857,86,'VILA NOVA DO CARAVAGIO'),(858,86,'ZONA RURAL'),(859,87,'ACIOLI'),(860,87,'NOSSA SENHORA DA PENHA'),(861,88,'BAIRRO DE FATIMA'),(862,88,'BAIRRO FLORESTA'),(863,88,'BAIXA GRANDE'),(864,88,'CABOCLO BERNARDO'),(865,88,'PALMITO'),(866,90,'ACIOLI'),(867,90,'AREA RURAL'),(868,90,'BARRA DO TRIUNFO'),(869,90,'BELA VISTA'),(870,90,'CARRARETTO'),(871,90,'CENTRO'),(872,90,'COHAB'),(873,90,'COHAB I'),(874,90,'CRISTAL'),(875,90,'CRUBIXA'),(876,90,'CRUZEIRO'),(877,90,'DA PENHA'),(878,90,'DE FATIMA'),(879,90,'FATIMA'),(880,90,'FLORESTA'),(881,90,'GADIOLI'),(882,90,'INDUSTRIAL'),(883,90,'JEQUITIBA'),(884,90,'JOATUBA'),(885,90,'MONTE LIBANO'),(886,90,'MONTE SECO'),(887,90,'MORRO DO CRUZEIRO'),(888,90,'NITEROI'),(889,90,'NOSSA SENHORA DA PENHA'),(890,90,'PENHA'),(891,90,'PICADAO'),(892,90,'PIRAQUEACU'),(893,90,'RECANTO DOS POETAS'),(894,90,'RIBEIRAO DE CIMA'),(895,90,'RIBEIRAO DO MEIO'),(896,90,'ROBIXA'),(897,90,'SANTA LUCIA'),(898,90,'SANTA LUZIA'),(899,90,'SANTA LUZIA CADIOLI'),(900,90,'SANTO AFONSO'),(901,90,'SANTO ANTONIO'),(902,90,'SAO BRAS'),(903,90,'SAO CARLOS'),(904,90,'SAO CARLOS I'),(905,90,'SAO CARLOS II'),(906,90,'SOBREIRO'),(907,90,'TREVO'),(908,90,'TRIANGULO'),(909,90,'VILA NOVA'),(910,90,'VILA NOVA DE BAIXO'),(911,90,'VILA NOVA DE CIMA'),(912,90,'ZONA RURAL'),(913,91,'-'),(914,91,'BARRA DO TAQUARAL'),(915,91,'BELA VISTA'),(916,91,'CENTRO'),(917,91,'CORREGO DA MANTEIGA'),(918,91,'CORREGO DE SANTANA'),(919,91,'CRICIUMA'),(920,91,'DEZ DE MAIO'),(921,91,'DISTRITO SEDE'),(922,91,'JETIBA PEQUENO'),(923,91,'JOATUBA'),(924,91,'MATO DO CAMPO'),(925,91,'NITEROI'),(926,91,'PANDELO'),(927,91,'PICADAO'),(928,91,'RECANTO DOS POETAS'),(929,91,'RIBEIRAO'),(930,91,'SANTA LUZIA'),(931,91,'SAO LUIZ DE MIRANDA'),(932,91,'SOBREIRO'),(933,91,'VILA DE LARANJA DA TERRA'),(934,91,'VOLTA GRANDE / ZONA RURAL'),(935,91,'ZONA RURAL'),(936,92,'ALAGOINHA'),(937,92,'ALTO MARECHAL'),(938,92,'ARAÇÁ'),(939,92,'ARAGUAIA'),(940,92,'AV DESENGANO'),(941,92,'BAGUEIRA'),(942,92,'BEBEDOURO'),(943,92,'BNH'),(944,92,'CARACOL'),(945,92,'CENTRO'),(946,92,'COLINA'),(947,92,'COMUNIDADE SAO JUDAS TADEU'),(948,92,'DESENGANO'),(949,92,'FRANCO PLAZA'),(950,92,'HUMAITA'),(951,92,'INTERLAGOS'),(952,92,'JAPIRA'),(953,92,'JARDIM LAGUNA'),(954,92,'LINHARES 5'),(955,92,'MOVELAR'),(956,92,'NOSSA SENHORA DA CONCEIÇÃO'),(957,92,'NOVA BETANIA'),(958,92,'NOVO HORIZONTE'),(959,92,'PATRIMONIO DE HUMAITA'),(960,92,'PONTAL DO IPIRANGA'),(961,92,'REGENCIA'),(962,92,'RIO DAS PALMAS'),(963,92,'RIO QUARTEL'),(964,92,'RIO QUARTEL DE CIMA'),(965,92,'SAO JOSE'),(966,92,'SAO JUDAS TADEU'),(967,92,'SAO RAFAEL'),(968,92,'SHELL'),(969,92,'SOIDO BAIXO'),(970,92,'SOORETAMA'),(971,92,'TRES BARRAS'),(972,92,'VALE DAS PALMAS'),(973,92,'VILA DAS ORQUIDEAS'),(974,92,'ZONA RURAL'),(975,93,'ALTO SANTA MARIA'),(976,93,'CENTRO'),(977,94,'BARRA DO ITAPEMIRIM'),(978,94,'WANDA MARIA SILVA'),(979,95,'ALTO BANANAL'),(980,95,'ALTO MARECHAL'),(981,95,'AREA RURAL'),(982,95,'BATATAL'),(983,95,'CENTRO'),(984,95,'VILA DAS ORQUIDEAS'),(985,95,'ZONA RURAL'),(986,96,'AEROPORTO'),(987,96,'ASSUNCAO'),(988,96,'CASAS POPULARES'),(989,96,'CENTRO'),(990,96,'CONJUNTO HABITACIONAL'),(991,96,'CONJUNTO HABITACIONAL HONORIO PASSAMANI'),(992,96,'CONJUNTO HABITACIONAL POR DO SOL'),(993,96,'CORREGO ALEGRIA'),(994,96,'CORREGO DO CALADO'),(995,96,'CORREGO LIMOEIRO'),(996,96,'CORREGO TAQUARA'),(997,96,'ELIAS BRAGATO'),(998,96,'GUARANTEED'),(999,96,'HONORIO PASSAMANI'),(1000,96,'INDUSTRIAL'),(1001,96,'LOTE DO ROVETA'),(1002,96,'MARIA DAS GRA€AS'),(1003,96,'MARILANDIA'),(1004,96,'MORRAO'),(1005,96,'PATRAO MOR'),(1006,96,'PATRIMONIO DO RADIO'),(1007,96,'POPULAR'),(1008,96,'POR DO SOL'),(1009,96,'SANTA CRUZ'),(1010,96,'SANTA ROSA'),(1011,96,'SAO MARCOS'),(1012,96,'SAPUCAIA'),(1013,96,'VILA PALMEIRA'),(1014,96,'VILA PALMIRA'),(1015,96,'VILA REAL'),(1016,96,'VISTA BELA'),(1017,96,'ZONA RURAL'),(1018,100,'CENTRO'),(1019,100,'FRANCHIANI'),(1020,100,'LAJINHA'),(1021,100,'OPERARIO'),(1022,100,'VILA NOVA'),(1023,102,'ARACE'),(1024,102,'BEIRA RIO'),(1025,102,'CENTRO'),(1026,102,'VIVENDAS'),(1027,102,'ZONA RURAL'),(1028,103,'ACAIACA'),(1029,103,'ACAICA'),(1030,103,'CENTRO'),(1031,103,'JARDIM MAYLY'),(1032,103,'LAGINHA'),(1033,103,'OTALIO FIGUEIRA DE BARROS'),(1034,103,'VILA VERDE'),(1035,103,'ZONA RURAL'),(1036,105,'CAMPO GRANDE'),(1037,106,'CENTRO'),(1038,106,'DUQUE CAXIAS'),(1039,106,'ESCALADA'),(1040,106,'JARDIM BELO HORIZONTE'),(1041,106,'LAGO AZUL'),(1042,106,'PAVUNA'),(1043,106,'PENHA'),(1044,106,'RIO COMPRIDO'),(1045,106,'SANTA CRUZ'),(1046,106,'ZONA RURAL'),(1047,113,'CENTENARIO'),(1048,113,'SAO JORGE TIRADENTES'),(1049,113,'SÃO SEBASTIÃO'),(1050,115,'AREA RURAL'),(1051,115,'BARRA DE MANGARAI'),(1052,115,'BRAGANCA'),(1053,115,'CARAMURU'),(1054,115,'CARAMURU DE BAIXO'),(1055,115,'CENTRO'),(1056,115,'CHAVES'),(1057,115,'CRUBIXA'),(1058,115,'ENCRUSO'),(1059,115,'HOLANDINHA'),(1060,115,'LUXEMBURGO'),(1061,115,'MEIA LEGUA'),(1062,115,'MOXAFONGO'),(1063,115,'OLARIA'),(1064,115,'PEDRA BRANCA'),(1065,115,'PONTE DO BALANCO'),(1066,115,'PONTE DO BALANÇO'),(1067,115,'PONTE DO FUNIL'),(1068,115,'POSTO FISCAL'),(1069,115,'RECREIO'),(1070,115,'RIBEIRAO DOS PARDOS'),(1071,115,'RIBEIRAOZINHO'),(1072,115,'RIO BONITO'),(1073,115,'RIO DA PRATA'),(1074,115,'RIO DAS FARINHAS'),(1075,115,'RIO DAS PEDRAS'),(1076,115,'RIO DAS PEDRAS / ZONA RURAL'),(1077,115,'RIO DO NORTE'),(1078,115,'SANTA LEOPOLDINA'),(1079,115,'SANTA MARIA'),(1080,115,'SAO LUIZ'),(1081,115,'SITIO BORCHARDT'),(1082,115,'SUICA'),(1083,115,'TRES PONTES'),(1084,115,'VILA JETIBA'),(1085,115,'VILA NOVA'),(1086,115,'ZONA RURAL'),(1087,116,'25 DE JULHO'),(1088,116,'AGOSTINI'),(1089,116,'ALTO CALDEIRAO'),(1090,116,'ALTO DA PENHA'),(1091,116,'ALTO GOIPABOACU'),(1092,116,'ALTO RECREIO'),(1093,116,'ALTO RIO LAMEGO'),(1094,116,'ALTO RIO POSSMOSER'),(1095,116,'ALTO SANTA MARIA'),(1096,116,'ALTO SAO LUIZ'),(1097,116,'ALTO SAO SEBASTIAO'),(1098,116,'APARECIDINHA'),(1099,116,'AREA RURAL'),(1100,116,'AUTO RIO POSSMOSER'),(1101,116,'BAIXO SAO SEBASTIAO'),(1102,116,'BARRA DO RIO POSSMOSER'),(1103,116,'BARRACAO'),(1104,116,'BARRO BRANCO'),(1105,116,'BEIRA RIO'),(1106,116,'BELEM'),(1107,116,'BRAGANCA'),(1108,116,'CARAMURU'),(1109,116,'CENTRO'),(1110,116,'CORREGO BEIRA RIO'),(1111,116,'CORREGO DO OURO'),(1112,116,'CORREGO JAPÃO'),(1113,116,'ESTRADA RIO POSMOSSER'),(1114,116,'FAZENDA GOLCALVES'),(1115,116,'GARRAFAO'),(1116,116,'GLORIA'),(1117,116,'HORTO'),(1118,116,'ILHA BERGER'),(1119,116,'LUIS POTRATZ'),(1120,116,'MANGUEIRA'),(1121,116,'MARISTELA'),(1122,116,'RECREIO'),(1123,116,'REINALDO BERGER'),(1124,116,'RIO BONITO'),(1125,116,'RIO CLARO'),(1126,116,'RIO CRISTAL'),(1127,116,'RIO DAS PEDRAS'),(1128,116,'RIO LAMEGO'),(1129,116,'RIO LAUREGO'),(1130,116,'RIO POSSMOSER'),(1131,116,'RIO VIADO'),(1132,116,'RUA NOVA'),(1133,116,'SANTA CRUZ'),(1134,116,'SANTA LUZIA'),(1135,116,'SANTA LUZIA II'),(1136,116,'SAO BELEM'),(1137,116,'SAO JOAO DO GARRAFAO'),(1138,116,'SAO JOAO GARRAFAO'),(1139,116,'SAO JOSE DO RIO CLARO'),(1140,116,'SAO LUIS'),(1141,116,'SAO LUIZ'),(1142,116,'SAO PEDRO'),(1143,116,'SAO RAFAEL'),(1144,116,'SAO SEBASTIAO'),(1145,116,'SAO SEBASTIAO DE BELEM'),(1146,116,'SAO SEBASTIAO DO BELEM'),(1147,116,'SAO SEBASTIAO DO MEIO'),(1148,116,'SÇO SEBASTIÇO DO MEIO'),(1149,116,'SITIO BEIRA RIO'),(1150,116,'SITIO VALE VERDE'),(1151,116,'STO ANTONIO CANAA'),(1152,116,'VILA BETHANIA'),(1153,116,'VILA CARAIPE'),(1154,116,'VILA DE CIMA'),(1155,116,'VILA DOS ITALIANOS'),(1156,116,'VILA GARRAFAO'),(1157,116,'VILA ITALIANOS'),(1158,116,'VILA JETIBA'),(1159,116,'VILA NASS'),(1160,116,'VILA NOVA'),(1161,116,'VILA PAVAO'),(1162,116,'VILA RAMMER'),(1163,116,'VILA VERDE'),(1164,116,'VIRADA'),(1165,116,'ZONA RURAL'),(1166,117,'25 DE JULHO'),(1167,117,'ALTO CALDEIRAO'),(1168,117,'ALTO LOMBARDIA'),(1169,117,'ALTO RIO PERDIDO'),(1170,117,'ALTO SANTO ANTONIO'),(1171,117,'ALTO SAO LOURENCO'),(1172,117,'ALTO VARZEA ALEGRE'),(1173,117,'ALVORADA'),(1174,117,'APARECIDINHA'),(1175,117,'AREA RURAL'),(1176,117,'BARRACAO'),(1177,117,'BERNARDINO MONTEIRO'),(1178,117,'BICUIBA'),(1179,117,'CALDEIRAO'),(1180,117,'CALDEIRAO DE SAO JOSE'),(1181,117,'CANAA'),(1182,117,'CANTINA DO MATIELO'),(1183,117,'CAPIVARA'),(1184,117,'CASTELINHO'),(1185,117,'CENTENARIO'),(1186,117,'CENTRO'),(1187,117,'COELHO'),(1188,117,'COLIBRI'),(1189,117,'CORREGO SANTO ANSELMO'),(1190,117,'CORREGO SAO JOAO DE PETROPOLIS'),(1191,117,'CORREGO SECO'),(1192,117,'DA PENHA'),(1193,117,'DISTRITO'),(1194,117,'DO ECO'),(1195,117,'DOIS PINHEIROS'),(1196,117,'ECO'),(1197,117,'ENCANTADO'),(1198,117,'ITANHANGA'),(1199,117,'JARDIM DA MONTANHA'),(1200,117,'JOAO JULIO MIGLIORELLI'),(1201,117,'LADEIRA ALMEIDA REIS'),(1202,117,'LOMBARDIA'),(1203,117,'MORRO ALTO'),(1204,117,'MORRO DO ATALAIA'),(1205,117,'MORRO DO RAMIRO'),(1206,117,'NITEROI'),(1207,117,'NOVA LOMBARDIA'),(1208,117,'NOVA VALSUGANA'),(1209,117,'PARQUE SANTA FELICIA'),(1210,117,'PEDRA ALEGRE'),(1211,117,'PELACANE'),(1212,117,'PENHA'),(1213,117,'POSTO DOIS PINHEIROS'),(1214,117,'RECANTO DO VALE'),(1215,117,'RECREIO'),(1216,117,'RESIDENCIAL SAO LOURENCO'),(1217,117,'RIO BONITO'),(1218,117,'RIO PERDIDO'),(1219,117,'RIO SALTINHO'),(1220,117,'RIO SALTIR'),(1221,117,'SANTA BARBARA'),(1222,117,'SANTA LUCIA'),(1223,117,'SANTA MARIA VARZEA'),(1224,117,'SANTA TERESA'),(1225,117,'SANTA TERESINHA'),(1226,117,'SANTO ANTONIO'),(1227,117,'SANTO ANTONIO DO CANAÃ'),(1228,117,'SANTO ANTONIO DO CANAA'),(1229,117,'SANTO HILARIO'),(1230,117,'SAO DOMINGOS'),(1231,117,'SAO JOAO DE PETROPOLIS'),(1232,117,'SAO JOAO DE VICOSA'),(1233,117,'SAO LOUREN€O'),(1234,117,'SÃO LOURENÇO'),(1235,117,'SAO LOURENCO'),(1236,117,'SÃO PEDRO'),(1237,117,'SAO PEDRO'),(1238,117,'SAO ROQUE DO CANAA'),(1239,117,'SERRA DO GELO'),(1240,117,'SERRA DOS PREGOS'),(1241,117,'SERTAO MARUIM'),(1242,117,'SITIO BELA VISTA'),(1243,117,'SITIO BOSA'),(1244,117,'SITIO ZINGER'),(1245,117,'STO ANTONIO DO CANAA'),(1246,117,'TABOCAS'),(1247,117,'VALAO DE SAO PEDRO'),(1248,117,'VALE DO CANAÃ'),(1249,117,'VALE DO CANAA'),(1250,117,'VALSUGANA'),(1251,117,'VALSUGANA VELHA'),(1252,117,'VARZEA ALEGRE'),(1253,117,'VILA BETANIA'),(1254,117,'VILA FARTURA'),(1255,117,'VILA MILITAR'),(1256,117,'VILA NOVA'),(1257,117,'VILA VARZEA ALEGRE'),(1258,117,'ZONA RURAL'),(1259,118,'CACIQUE'),(1260,118,'CENTRO'),(1261,118,'COABE'),(1262,118,'LAGOS DOS CISNES'),(1263,118,'SERNAMBY'),(1264,119,'BAMBE'),(1265,119,'BOA VISTA'),(1266,119,'CENTRO'),(1267,119,'GURIRI'),(1268,119,'OCULARE'),(1269,119,'POPULARE'),(1270,119,'SANTA TERESINHA'),(1271,119,'VILA COMBONI'),(1272,119,'ZONA RURAL'),(1273,121,'AROEIRA'),(1274,121,'BOA VISTA'),(1275,121,'CENTRO'),(1276,121,'CHACARA ITAIM'),(1277,121,'CIDADE MONCOES'),(1278,121,'COTIA'),(1279,121,'FATIMA'),(1280,121,'GURIRI'),(1281,121,'GURIRI SUL'),(1282,121,'ITAIMBIBI'),(1283,121,'ITAQUERA'),(1284,121,'JABAQUARA'),(1285,121,'JARDIM CECI'),(1286,121,'LAGO DOS CISNES'),(1287,121,'NESTOR GOMES'),(1288,122,'5 CAZINHAS'),(1289,122,'AGROVILA'),(1290,122,'ALTEROSAS'),(1291,122,'ALTO SANTA JULIA'),(1292,122,'ANDRE CARLONI'),(1293,122,'BACAXA'),(1294,122,'BAIXO SANTA JULIA'),(1295,122,'BARRA DE MANGARAI'),(1296,122,'BRANCO'),(1297,122,'CARAMURU'),(1298,122,'CENTRO'),(1299,122,'CINCO CASINHAS'),(1300,122,'CORREGO ALTO MISTERIOSO'),(1301,122,'CORREGO DA SAUDE'),(1302,122,'CORREGO MISTERIOSO'),(1303,122,'CORREGO SAO BENTO'),(1304,122,'CORREGO SAO ROQUE'),(1305,122,'DAS LARANJEIRAS'),(1306,122,'DE FATIMA'),(1307,122,'ESTRADA SAO BENTO'),(1308,122,'FRANCISCO TOREZANI'),(1309,122,'LADEIRA NOSSA SENHORA DAS GRACAS'),(1310,122,'NOSSA SENHORA DAS GRACAS'),(1311,122,'PALMARES'),(1312,122,'PATRIMONIO'),(1313,122,'PICADAO'),(1314,122,'RECREIO'),(1315,122,'SANTA JULIA'),(1316,122,'SANTA LUZIA'),(1317,122,'SANTO ANTONIO DO CANAA'),(1318,122,'SAO BENTO'),(1319,122,'SAO DALMACIO'),(1320,122,'SAO JACINTO'),(1321,122,'SAO ROQUE DO CANAA'),(1322,122,'SAO ROQUINHO'),(1323,122,'SITIO RECREIO'),(1324,122,'VILA ESPANHOLA'),(1325,122,'VILA PICADAO DO MUTUM'),(1326,122,'VILA TOREZANI'),(1327,122,'VILA VERDE'),(1328,122,'ZONA RURAL'),(1329,123,'ACIOLI'),(1330,123,'ALTEROSAS'),(1331,123,'ANDRE CARLONE'),(1332,123,'ANDRE CARLONI'),(1334,123,'BALNEARIO DE CARAPEBUS'),(1335,123,'BARCELONA'),(1336,123,'BARRO BRANCO'),(1337,123,'BELVEDERE'),(1338,123,'BICANGA'),(1339,123,'BOA VISTA'),(1340,123,'BOA VISTA DE NOVA ALMEIDA'),(1341,123,'BOA VISTA II'),(1342,123,'CACAROLA'),(1343,123,'CAMPINHO DA SERRA I'),(1344,123,'CAMPINHO DA SERRA II'),(1345,123,'CAMPINHO I'),(1346,123,'CANTINHO DO CEU'),(1347,123,'CANTRAL DE CARAPINA'),(1348,123,'CAPINHO DA SERRA II'),(1349,123,'CARAPINA'),(1350,123,'CARAPINA GRANDE'),(1351,123,'CARAPINA I'),(1352,123,'CARATOIRA'),(1353,123,'CASCATA'),(1354,123,'CASCATA I'),(1355,123,'CASCATA II'),(1356,123,'CASTELANDIA'),(1357,123,'CATARATA'),(1358,123,'CENTRAL CARAPINA'),(1359,123,'CENTRAL DE CARAPINA'),(1360,123,'CENTRAL DE CARVALHO'),(1361,123,'CENTRO'),(1362,123,'CENTRO DA SERRA'),(1363,123,'CENTRO RESIDENCIAL DA SERRA'),(1364,123,'CHACARA MARINGÁ'),(1365,123,'CHACARA PARREIRAL'),(1366,123,'CHACARA SERRA DOURADA I'),(1367,123,'CHAPADA GRANDE'),(1368,123,'CIDADE CONTINENTAL'),(1369,123,'CIDADE CONTINENTAL SETOR EUROPEU'),(1370,123,'CIDADE POMAR'),(1371,123,'CIVIT II'),(1372,123,'COLINA DA SERRA'),(1373,123,'COLINA DE LARANJEIRAS'),(1374,123,'COMENDADOR RAFAEL'),(1375,123,'CONJUNTO CARAPINA'),(1376,123,'CONJUNTO CARAPINA I'),(1377,123,'COSTA DOURADA'),(1378,123,'DAS LARANJEIRAS'),(1379,123,'DE FATIMA'),(1380,123,'DIAMANTINA'),(1381,123,'DIRECAO'),(1382,123,'DIVINOPOLIS'),(1383,123,'EL DORADO'),(1384,123,'ELDORADO'),(1385,123,'ENSEADA DE JACARAIPE'),(1386,123,'ESTANCIA MONAZITICA'),(1387,123,'EURICO SALLES'),(1388,123,'FEU ROSA'),(1389,123,'GAIVOTAS'),(1390,123,'GUARACIABA'),(1391,123,'HELIO FERRAZ'),(1392,123,'HELIO FERRAZ II'),(1393,123,'JABOUR'),(1394,123,'JACARAIPE'),(1395,123,'JARDIM ATLANTICO'),(1396,123,'JARDIM BELA VISTA'),(1397,123,'JARDIM CARAPINA'),(1398,123,'JARDIM DA SERRA'),(1399,123,'JARDIM DAS LARANJEIRAS'),(1400,123,'JARDIM GUANABARA'),(1401,123,'JARDIM LARANJEIRAS'),(1402,123,'JARDIM LIMOEIRO'),(1403,123,'JARDIM TROPICAL'),(1404,123,'JOSE DE ANCHIETA'),(1405,123,'JOSE DE ANCHIETA II'),(1406,123,'JOSE DE ANCHIETA III'),(1407,123,'LAGOA DE CARAPEBUS'),(1408,123,'LAGOA DE JACARAIPE'),(1409,123,'LARANJEIRAS'),(1410,123,'LARANJEIRAS II'),(1411,123,'LARANJEIRAS VELHA'),(1412,123,'MANOEL PLAZA'),(1413,123,'MARAJA'),(1414,123,'MARIA NOBRE'),(1415,123,'MARIA ORTIZ'),(1416,123,'MARINGA'),(1417,123,'MATA DA SERRA'),(1418,123,'MESTRE ALVARO'),(1419,123,'MORADA DE LARANJEIRAS'),(1420,123,'NOSSA SENHORA DA CONCEICAO'),(1421,123,'NOVA ALMEIDA'),(1422,123,'NOVA CARAPINA'),(1423,123,'NOVA CARAPINA I'),(1424,123,'NOVA CARAPINA II'),(1425,123,'NOVA ZELANDIA'),(1426,123,'NOVO HORIZONTE'),(1427,123,'NOVO PORTO CANOA'),(1428,123,'OURIMAR'),(1429,123,'PALMEIRAS'),(1430,123,'PARQUE DAS GAIVOTAS'),(1431,123,'PARQUE JACARAIPE'),(1432,123,'PARQUE RESIDENCIAL DE TUBARAO'),(1433,123,'PARQUE RESIDENCIAL LARANJEIRAS'),(1434,123,'PARQUE RESIDENCIAL MESTRE ALVARO'),(1435,123,'PARQUE RESIDENCIAL NOVA ALMEIDA'),(1436,123,'PARQUE RESIDENCIAL TUBARAO'),(1437,123,'PITANGA'),(1438,123,'PLANALTO DE CARAPINA'),(1439,123,'PLANALTO SERRANO'),(1440,123,'PLANALTO SERRANO BLOCO A'),(1441,123,'PLANALTO SERRANO BLOCO B'),(1442,123,'PLANALTO SERRANO BLOCO C'),(1443,123,'PLANICIE DA SERRA'),(1444,123,'POMAR'),(1445,123,'PORTAL DO JACARAIPE'),(1446,123,'PORTO CANOA'),(1447,123,'PRAIA DA BALEIA'),(1448,123,'PRAIA DE CARAPEBUS'),(1449,123,'PRAIAMAR'),(1450,123,'PUTIRI'),(1451,123,'REIS MAGOS'),(1452,123,'RESIDENCIAL CENTRO DA SERRA'),(1453,123,'RESIDENCIAL JACARAIPE'),(1454,123,'RESIDENCIAL SOLAR DE JACARAIPE'),(1455,123,'RESIDENCIAL VISTA DO MESTRE'),(1456,123,'RESIDENCIAL VIVER SERRA'),(1457,123,'RESISTENCIA'),(1458,123,'ROSARIO DE FATIMA'),(1459,123,'SANTA JULIA'),(1460,123,'SANTA LUZIA'),(1461,123,'SANTA MARIA'),(1462,123,'SANTA RITA DE CASSIA'),(1463,123,'SANTIAGO'),(1464,123,'SANTIAGO DA SERRA'),(1465,123,'SANTO ANTONIO'),(1466,123,'SAO DIOGO'),(1467,123,'SAO DIOGO I'),(1468,123,'SAO DIOGO II'),(1469,123,'SAO DOMINGOS'),(1470,123,'SAO FRANCISCO'),(1471,123,'SÃO GERALDO'),(1472,123,'SAO GERALDO'),(1473,123,'SÃO JOAO'),(1474,123,'SAO JOAO'),(1475,123,'SAO JUDAS TADEU'),(1476,123,'SAO LOURENCO'),(1477,123,'SAO LUIZ'),(1479,123,'SÃO MARCOS'),(1480,123,'SAO MARCOS I'),(1481,123,'SAO MARCOS II'),(1482,123,'SAO MARCOS III'),(1483,123,'SAO PATRICIO'),(1484,123,'SAO TORQUATO'),(1485,123,'SEDE'),(1486,123,'SERRA DOURADA I'),(1488,123,'SERRA DOURADA II'),(1489,123,'SERRA DOURADA III'),(1490,123,'SERRAMAR'),(1491,123,'SOLAR DE ANCHIETA'),(1492,123,'TAQUARA I'),(1493,123,'TAQUARA II'),(1494,123,'VALPARAISO'),(1495,123,'VALPARAISO I'),(1496,123,'VALPARAISO II'),(1497,123,'VILA MARIA NIOBE'),(1498,123,'VILA NOVA'),(1499,123,'VILA NOVA DE COLARES'),(1500,123,'VILA PAVAO'),(1501,123,'VISTA DA SERRA'),(1502,123,'VISTA DA SERRA I'),(1503,123,'VISTA DA SERRA II'),(1504,123,'VISTA DA SERRA O'),(1505,123,'VISTA DO MESTRE'),(1506,124,'CENTRO'),(1507,124,'COMENDADOR RAFAEL'),(1508,124,'SANTA MARIA DE JETIBA'),(1509,124,'VILA NOVA'),(1510,125,'ALTO CAXIXE'),(1511,125,'BANANEIRAS'),(1512,125,'BICUIBA'),(1513,125,'CASTELINHO'),(1514,125,'CENTRO'),(1515,125,'SAO PEDRO'),(1516,125,'VILA BETANIA'),(1517,125,'VILA MARIA'),(1518,126,'ALTO BANANEIRAS'),(1519,126,'ALTO CAXIXE'),(1520,126,'ALTO CAXIXE FRIO'),(1521,126,'ALTO JUCU'),(1522,126,'ALTO PROVIDENCIA'),(1523,126,'ALTO SAUDE'),(1524,126,'ALTO TAPERA'),(1525,126,'ALTO VICOSA'),(1526,126,'AREINHA'),(1527,126,'ARLINDO VILLASHI'),(1528,126,'BANANEIRAS'),(1529,126,'BELA AURORA'),(1530,126,'BICUIBA'),(1531,126,'BOM PASTOR'),(1532,126,'BRAMBILA'),(1533,126,'BREJETUBA'),(1534,126,'CABRAL'),(1535,126,'CAMARGO'),(1536,126,'CAMPO VERDE'),(1537,126,'CANAA'),(1538,126,'CASTELINHO'),(1539,126,'CAXIXE'),(1540,126,'CAXIXE FRIO'),(1541,126,'CENTRO'),(1542,126,'ELDORADO'),(1543,126,'ESPLANADA'),(1544,126,'FAZENDA PIDOBRAS'),(1545,126,'FORMATE'),(1546,126,'INDUSTRIAL'),(1547,126,'IPANEMA'),(1548,126,'ITAPERA'),(1549,126,'JARDIM DA GLORIA'),(1550,126,'LARIEL'),(1551,126,'LAVRINHAS'),(1552,126,'LOTEAMENTO J. MINETE'),(1553,126,'LOTEAMENTO PETERLE'),(1554,126,'MARCILIO DE NORONHA'),(1555,126,'MARMIM'),(1556,126,'MICUIBA'),(1557,126,'MINETE'),(1558,126,'PEDRO ALTOE'),(1559,126,'PINDOBAS'),(1560,126,'PROVIDENCIA'),(1561,126,'RESIDENCIAL DO BOSQUE'),(1562,126,'SANTA CRUZ'),(1563,126,'SANTO ANTONIO DA SERRA'),(1564,126,'SANTO ANTONIO DO ORIENTE'),(1565,126,'SANTO ANTONIO DO SENA'),(1566,126,'SAO BENTO DE URANIO'),(1567,126,'SAO BENTO DO ARACE'),(1568,126,'SAO JOAO'),(1569,126,'SAO JOAO DE VICOSA'),(1570,126,'SAO JOSE DE VICOSA'),(1571,126,'SAO JOSE DO ALTO VICOSA'),(1572,126,'SAO MIGUEL'),(1573,126,'SAO PAULINHO DO ARACE'),(1574,126,'SAO PAULO DO ARACE'),(1575,126,'SÃO PEDRO'),(1576,126,'SAO PEDRO'),(1577,126,'SAO RAFAEL'),(1578,126,'SAO ROQUE'),(1579,126,'SAUDE'),(1580,126,'SOARES'),(1581,126,'TAPERA'),(1582,126,'TAPÉRA'),(1583,126,'ULIANA'),(1584,126,'VARGEM GRANDE'),(1585,126,'VICENTE ZANDONADE'),(1586,126,'VICOZINHA'),(1587,126,'VILA BETÂNEA'),(1588,126,'VILA BETANIA'),(1589,126,'VILA DA MATA'),(1590,126,'VILA DE SAO MIGUEL'),(1591,126,'VILA DORDENONE'),(1592,126,'VILA MARIA'),(1593,126,'VILA MATA'),(1594,126,'VILA SANTA CRUZ'),(1595,126,'VILA SANTANA CRUZ'),(1596,126,'VILA SAO MIGUEL'),(1597,126,'VILA SAO PEDRO'),(1598,126,'VILA TADERLONE'),(1599,126,'ZONA RURAL'),(1600,127,'1§ DE MAIO'),(1601,127,'23 DE MAIO'),(1602,127,'ALECRIM'),(1603,127,'ALTO LAJE'),(1604,127,'ALVORADA'),(1605,127,'ANDRE CARLONE'),(1606,127,'BOM PASTOR'),(1607,127,'CAMPO VERDE'),(1608,127,'CANAA'),(1609,127,'CENTRO'),(1610,127,'ELDORADO'),(1611,127,'GLORIA'),(1612,127,'ILHA DOS AIRES'),(1613,127,'INDUSTRIAL'),(1614,127,'IPANEMA'),(1615,127,'ITAPOA'),(1616,127,'MARCILIO DE NORONHA'),(1617,127,'MARCÖLIO DE NORONHA'),(1618,127,'MORADA BETHANIA'),(1619,127,'MORADA DE BETHANIA'),(1620,127,'NOVA BETHANIA'),(1621,127,'NOVA VIANA'),(1622,127,'PARQUE FLAMENGO'),(1623,127,'PRAIA DA COSTA'),(1624,127,'SANTA TERESINHA'),(1625,127,'SANTO AGOSTINHO'),(1626,127,'SANTO ANTONIO'),(1627,127,'SOTECO'),(1628,127,'UNIVERSAL'),(1629,127,'VALE DO SOL'),(1630,127,'VIANA SEDE'),(1631,127,'VILA AREINHA'),(1632,127,'VILA BETHANIA'),(1633,127,'VILA NOVA'),(1634,127,'VILA VELHA'),(1635,127,'XURI'),(1636,127,'ZONA RURAL'),(1637,128,'CENTRO'),(1638,129,'ARIBIRI'),(1639,130,'ALAGOANO'),(1640,130,'ALECRIM'),(1641,130,'ALTO ITARARE'),(1642,130,'ALVORADA'),(1643,130,'ANDORINHAS'),(1644,130,'ARA€AS'),(1645,130,'ARACAS'),(1646,130,'ARGOLAS'),(1647,130,'ARIBIRI'),(1648,130,'ARIOVALDO FAVALESSA'),(1649,130,'ATAIDE'),(1650,130,'ATLANTICA VILE'),(1651,130,'BALNEARIO PONTA DA FRUTA'),(1652,130,'BARRA DO JUCU'),(1653,130,'BARRAMARES'),(1654,130,'BARRO VERMELHO'),(1655,130,'BELO AZUL ARGOLAS'),(1656,130,'BERTOLO MALACARNE'),(1657,130,'BOA VISTA'),(1658,130,'BOA VISTA I'),(1659,130,'BOA VISTA II'),(1660,130,'BRISAMAR'),(1661,130,'BRUNELAS'),(1662,130,'CENTRO'),(1663,130,'CENTRO COMERCIAL DA GLORIA'),(1664,130,'CENTRO PRAINHA'),(1665,130,'CIDADE DA BARRA'),(1666,130,'COBILANDIA'),(1667,130,'COCAL'),(1668,130,'COQUEIRAL DE ITAPARICA'),(1669,130,'CRISTOVAO COLOMBO'),(1670,130,'DA PENHA'),(1671,130,'DARLY SANTOS'),(1672,130,'DE FATIMA'),(1673,130,'DIVINO ESPIRITO SANTO'),(1674,130,'DOM JOAO BATISTA'),(1675,130,'FERREIRA'),(1676,130,'GAROTO'),(1677,130,'GLÓRIA'),(1678,130,'GLORIA'),(1679,130,'GUARANHUNS'),(1680,130,'IBES'),(1681,130,'ILHA DA CONCEICAO'),(1682,130,'ILHA DAS FLORES'),(1683,130,'ILHA DOS AIRES'),(1684,130,'ILHA DOS BENTOS'),(1685,130,'ILHA DOS REIS'),(1686,130,'INDUSTRIAL'),(1687,130,'INTERLAGOS'),(1688,130,'INTERLAGOS I'),(1689,130,'IPANEMA'),(1690,130,'IPESSA'),(1691,130,'ITAPARICA'),(1692,130,'ITAPOA'),(1693,130,'ITAPOÃ'),(1694,130,'ITAPUÃ'),(1695,130,'JABAETE'),(1696,130,'JABURUNA'),(1697,130,'JARDIM ASTECA'),(1698,130,'JARDIM COLORADO'),(1699,130,'JARDIM DO VALE'),(1700,130,'JARDIM GUADALAJARA'),(1701,130,'JARDIM GUARANHUNS'),(1702,130,'JARDIM MARILANDIA'),(1703,130,'JARDIM SÃO PAULO'),(1704,130,'JARDIM SAO PAULO'),(1705,130,'JOAO GOULART'),(1706,130,'JOAO GOULART II'),(1707,130,'JOCKEY DE ITAPARICA'),(1708,130,'LOURDES'),(1709,130,'MARADA DA BARRA'),(1710,130,'MORADA DA BARRA'),(1711,130,'MORADA DO SOL'),(1712,130,'MORRO DA LAGOA'),(1713,130,'MORRO DO MORENO'),(1714,130,'NORMILIA CUNHA'),(1715,130,'NORMILIA CUNHA SANTOS'),(1716,130,'NOSSA SENHORA DA PENHA'),(1717,130,'NOSSA SENHORA DA PENHA I'),(1718,130,'NOVA AMERICA'),(1719,130,'NOVA ITAPARICA'),(1720,130,'NOVO MÉXICO'),(1721,130,'NOVO MEXICO'),(1722,130,'OLARIA'),(1723,130,'PARQUE DAS GAIVOTAS'),(1724,130,'PAUL'),(1725,130,'PLANALTO'),(1726,130,'PONTA DA FRUTA'),(1727,130,'PRAIA DA COSTA'),(1728,130,'PRAIA DAS GAIVOTAS'),(1729,130,'PRAIA DE ITAPARICA'),(1730,130,'PRAIA DE ITAPOA'),(1731,130,'PRAIA DO CANTO'),(1732,130,'PRAIA ITAPOA'),(1733,130,'PRAINHA'),(1734,130,'PRIMEIRO DE MAIO'),(1735,130,'REPUBLICA'),(1736,130,'RESIDENCIAL COQUEIRAL'),(1737,130,'RESIDENCIAL ITAPARICA'),(1738,130,'RIO MARINHO'),(1739,130,'RIVIERA DA BARRA'),(1740,130,'SAGRADA FAMILIA'),(1741,130,'SANTA CLARA'),(1742,130,'SANTA INES'),(1743,130,'SANTA MÔNICA'),(1744,130,'SANTA MONICA'),(1745,130,'SANTA PAULA'),(1746,130,'SANTA PAULA II'),(1747,130,'SANTA RITA'),(1748,130,'SANTOS DUMONT'),(1749,130,'SAO CONRADO'),(1750,130,'SAO CRISTOVAO'),(1751,130,'SAO PAULO'),(1752,130,'SAO ROQUE DO CANAA'),(1753,130,'SÃO TORQUARTO'),(1754,130,'SAO TORQUATO'),(1755,130,'SOTECO'),(1756,130,'TERRA VERMELHA'),(1757,130,'ULISSES GUIMARAES'),(1758,130,'VALE ENCANTADO'),(1759,130,'VILA BATISTA'),(1760,130,'VILA CONCEI€AO'),(1761,130,'VILA DAS GARCAS'),(1762,130,'VILA GARRIDO'),(1763,130,'VILA GUARANHUNS'),(1764,130,'VILA NOVA'),(1765,130,'VINTE E TRES DE MAIO'),(1766,130,'VISTA DA PENHA'),(1767,130,'ZUMBI DOS PALMARES'),(1768,131,'ANDORINHAS'),(1769,131,'BAIRRO DE LOURDES'),(1770,131,'BARRO VERMELHO'),(1771,131,'BELA VISTA'),(1772,131,'BENTO FERREIRA'),(1773,131,'BOA VISTA'),(1774,131,'BOA VISTA DE NOVA ALMEIDA'),(1775,131,'BOMFIM'),(1776,131,'BONFIM'),(1777,131,'CARATOIRA'),(1778,131,'CENTRAL'),(1779,131,'CENTRO'),(1780,131,'CONDUSA'),(1781,131,'CONQUISTA'),(1783,131,'CONSOLAÇÃO'),(1784,131,'CONSOLADO'),(1785,131,'CRUZAMENTO'),(1786,131,'DE LOURDES'),(1787,131,'DOIS PINHEIROS'),(1788,131,'ENSEADA DO SUÁ'),(1789,131,'ENSEADA DO SUA'),(1790,131,'ESTRELINHA'),(1791,131,'FILIAL'),(1792,131,'FLEXAL'),(1794,131,'FORTE SAO JOAO'),(1795,131,'FRADINHOS'),(1796,131,'GOIABEIRAS'),(1797,131,'GOIABEIRAS VELHA'),(1798,131,'GRANDE VITORIA'),(1799,131,'GURIGICA'),(1800,131,'HORTO'),(1801,131,'ILHA DAS CAIEIRAS'),(1802,131,'ILHA DE SANTA MARIA'),(1803,131,'ILHA DO PRINCIPE'),(1804,131,'ILHA MONTE BELO'),(1805,131,'ILHA SANTA MARIA'),(1806,131,'INHANGUETA'),(1807,131,'ITACIBA'),(1808,131,'ITARARÉ'),(1810,131,'JABOUR'),(1811,131,'JABURUNA'),(1812,131,'JARDIM AMERICA'),(1813,131,'JARDIM CAMBURI'),(1814,131,'JARDIM DA PENHA'),(1815,131,'JESUS DE NAZARETH'),(1816,131,'JOANA D\'ARC'),(1817,131,'JUCUTUQUARA'),(1818,131,'MARIA ORTIZ'),(1819,131,'MARUIPE'),(1820,131,'MATA DA PRAIA'),(1821,131,'MONTE BELO'),(1822,131,'MORADA DE CAMBURI'),(1823,131,'MORRO DO MOSCOSO'),(1824,131,'MORRO DO QUADRO'),(1825,131,'NAZARETH'),(1826,131,'NOSSA SENHORA DA CONSOLAÇÃO'),(1827,131,'NOSSA SENHORA DA CONSOLACAO'),(1828,131,'NOVA PALESTINA'),(1829,131,'PARQUE MOSCOSO'),(1830,131,'PARQUE RESIDENCIAL BARREIROS'),(1831,131,'PORTO CANOA'),(1832,131,'PORTO DE SANTANA'),(1833,131,'PRAIA DE SANTA HELENA'),(1834,131,'PRAIA DO CANTO'),(1835,131,'PRAIA DO SUA'),(1836,131,'QUADRO'),(1837,131,'REDENCAO'),(1838,131,'REPUBLICA'),(1839,131,'RESISTENCIA'),(1840,131,'ROMAO'),(1841,131,'SANTA CECILIA'),(1843,131,'SANTA LÚCIA'),(1845,131,'SANTA LUZIA'),(1846,131,'SANTA MARIA'),(1847,131,'SANTA MARTHA'),(1848,131,'SANTA RITA'),(1849,131,'SANTA TERESA'),(1851,131,'SANTO ANDRE'),(1852,131,'SANTO ANTONIO'),(1853,131,'SANTOS DUMONT'),(1854,131,'SANTOS REIS'),(1855,131,'SÃO BENEDITO'),(1856,131,'SAO CAMATA'),(1857,131,'SAO CRISTOVAO'),(1858,131,'SAO JOSE'),(1859,131,'SAO PEDRO'),(1860,131,'SAO PEDRO III'),(1861,131,'SAO PEDRO V'),(1862,131,'SAO TORQUATO'),(1863,131,'SOLON BORGES'),(1864,131,'TABUAZEIRO'),(1865,131,'TERRA VERMELHA'),(1866,131,'UNIVERSITARIO'),(1867,131,'VILA RUBIM'),(2048,97,'DISTRITO DE PONTE DE ITABAPOANA');
/*!40000 ALTER TABLE `bairro` ENABLE KEYS */;
UNLOCK TABLES;

--
-- Table structure for table `cliente`
--

DROP TABLE IF EXISTS `cliente`;
/*!40101 SET @saved_cs_client     = @@character_set_client */;
/*!50503 SET character_set_client = utf8 */;
CREATE TABLE `cliente` (
  `id` int(11) NOT NULL AUTO_INCREMENT,
  `id_pessoa` int(11) DEFAULT NULL,
  `fantasia` varchar(120) DEFAULT NULL,
  `obs` mediumtext,
  `nome` varchar(120) DEFAULT NULL,
  `cnpj` varchar(14) DEFAULT NULL,
  `tipo` char(1) DEFAULT NULL,
  `cpf` varchar(11) DEFAULT NULL,
  PRIMARY KEY (`id`),
  KEY `fk_pessoa_idx` (`id_pessoa`),
  CONSTRAINT `fk_cliente_pessoa` FOREIGN KEY (`id_pessoa`) REFERENCES `pessoa` (`id`)
) ENGINE=InnoDB AUTO_INCREMENT=7 DEFAULT CHARSET=utf8 COLLATE=utf8_general_ci;
/*!40101 SET character_set_client = @saved_cs_client */;

--
-- Dumping data for table `cliente`
--

LOCK TABLES `cliente` WRITE;
/*!40000 ALTER TABLE `cliente` DISABLE KEYS */;
INSERT INTO `cliente` VALUES (1,NULL,'POSTO ITABAPOANA',NULL,NULL,NULL,NULL,NULL),(6,NULL,'MULTIDEV',NULL,'PEDRO DOS SANTOS MISSAWA','14678343000114','J',NULL);
/*!40000 ALTER TABLE `cliente` ENABLE KEYS */;
UNLOCK TABLES;

--
-- Table structure for table `cliente_atividade`
--

DROP TABLE IF EXISTS `cliente_atividade`;
/*!40101 SET @saved_cs_client     = @@character_set_client */;
/*!50503 SET character_set_client = utf8 */;
CREATE TABLE `cliente_atividade` (
  `id` int(11) NOT NULL AUTO_INCREMENT,
  `id_cliente` int(11) DEFAULT NULL,
  `id_atividade` int(11) DEFAULT NULL,
  PRIMARY KEY (`id`),
  KEY `fk_pa_atividade_idx` (`id_atividade`),
  KEY `fk_pa_cliente_idx` (`id_cliente`),
  CONSTRAINT `fk_pa_atividade` FOREIGN KEY (`id_atividade`) REFERENCES `atividade` (`id`),
  CONSTRAINT `fk_pa_cliente` FOREIGN KEY (`id_cliente`) REFERENCES `cliente` (`id`)
) ENGINE=InnoDB AUTO_INCREMENT=2 DEFAULT CHARSET=utf8 COLLATE=utf8_general_ci;
/*!40101 SET character_set_client = @saved_cs_client */;

--
-- Dumping data for table `cliente_atividade`
--

LOCK TABLES `cliente_atividade` WRITE;
/*!40000 ALTER TABLE `cliente_atividade` DISABLE KEYS */;
INSERT INTO `cliente_atividade` VALUES (1,1,1);
/*!40000 ALTER TABLE `cliente_atividade` ENABLE KEYS */;
UNLOCK TABLES;

--
-- Table structure for table `condicionante`
--

DROP TABLE IF EXISTS `condicionante`;
/*!40101 SET @saved_cs_client     = @@character_set_client */;
/*!50503 SET character_set_client = utf8 */;
CREATE TABLE `condicionante` (
  `id` int(11) NOT NULL AUTO_INCREMENT,
  `id_licenca` int(11) NOT NULL,
  `id_pessoa_executor` int(11) DEFAULT NULL,
  `id_pressoa_responsavel` int(11) DEFAULT NULL,
  `descricao` mediumtext NOT NULL,
  `cumprida` char(1) NOT NULL,
  `dt_venc` date NOT NULL,
  `dt_cumprimento` date DEFAULT NULL,
  PRIMARY KEY (`id`),
  KEY `id_licenca_idx` (`id_licenca`),
  KEY `fk_pessoa_responsavel_idx` (`id_pressoa_responsavel`),
  KEY `fk_pessoa_executor_idx` (`id_pessoa_executor`),
  CONSTRAINT `fk_condicionante_licenca` FOREIGN KEY (`id_licenca`) REFERENCES `licenca` (`id`),
  CONSTRAINT `fk_condicionante_pessoa_executor` FOREIGN KEY (`id_pessoa_executor`) REFERENCES `pessoa` (`id`),
  CONSTRAINT `fk_condicionante_pessoa_responsavel` FOREIGN KEY (`id_pressoa_responsavel`) REFERENCES `pessoa` (`id`)
) ENGINE=InnoDB DEFAULT CHARSET=utf8 COLLATE=utf8_general_ci;
/*!40101 SET character_set_client = @saved_cs_client */;

--
-- Dumping data for table `condicionante`
--

LOCK TABLES `condicionante` WRITE;
/*!40000 ALTER TABLE `condicionante` DISABLE KEYS */;
/*!40000 ALTER TABLE `condicionante` ENABLE KEYS */;
UNLOCK TABLES;

--
-- Table structure for table `email`
--

DROP TABLE IF EXISTS `email`;
/*!40101 SET @saved_cs_client     = @@character_set_client */;
/*!50503 SET character_set_client = utf8 */;
CREATE TABLE `email` (
  `id` int(11) NOT NULL AUTO_INCREMENT,
  `id_pessoa` int(11) DEFAULT NULL,
  `tipo` char(1) DEFAULT NULL,
  `endereco` varchar(120) DEFAULT NULL,
  `descricao` varchar(30) DEFAULT NULL,
  PRIMARY KEY (`id`),
  KEY `fk_pessoa_idx` (`id_pessoa`),
  CONSTRAINT `fk_email_pessoa` FOREIGN KEY (`id_pessoa`) REFERENCES `pessoa` (`id`)
) ENGINE=InnoDB DEFAULT CHARSET=utf8 COLLATE=utf8_general_ci;
/*!40101 SET character_set_client = @saved_cs_client */;

--
-- Dumping data for table `email`
--

LOCK TABLES `email` WRITE;
/*!40000 ALTER TABLE `email` DISABLE KEYS */;
/*!40000 ALTER TABLE `email` ENABLE KEYS */;
UNLOCK TABLES;

--
-- Table structure for table `endereco`
--

DROP TABLE IF EXISTS `endereco`;
/*!40101 SET @saved_cs_client     = @@character_set_client */;
/*!50503 SET character_set_client = utf8 */;
CREATE TABLE `endereco` (
  `id` int(11) NOT NULL AUTO_INCREMENT,
  `id_pessoa` int(11) DEFAULT NULL,
  `descricao` varchar(45) NOT NULL,
  `cep` varchar(8) DEFAULT NULL,
  `id_uf` int(11) NOT NULL,
  `id_municipio` int(11) NOT NULL,
  `id_bairro` int(11) NOT NULL,
  `logradouro` varchar(100) NOT NULL,
  `numero` int(11) DEFAULT NULL,
  `complemento` varchar(20) DEFAULT NULL,
  PRIMARY KEY (`id`),
  KEY `fk_uf_idx` (`id_uf`),
  KEY `fk_municipio_idx` (`id_municipio`),
  KEY `fk_bairro_idx` (`id_bairro`),
  KEY `fk_pessoa_idx` (`id_pessoa`),
  CONSTRAINT `fk_endereco_bairro` FOREIGN KEY (`id_bairro`) REFERENCES `bairro` (`id`),
  CONSTRAINT `fk_endereco_municipio` FOREIGN KEY (`id_municipio`) REFERENCES `municipio` (`id`),
  CONSTRAINT `fk_endereco_pessoa` FOREIGN KEY (`id_pessoa`) REFERENCES `pessoa` (`id`),
  CONSTRAINT `fk_endereco_uf` FOREIGN KEY (`id_uf`) REFERENCES `uf` (`id`)
) ENGINE=InnoDB AUTO_INCREMENT=2 DEFAULT CHARSET=utf8 COLLATE=utf8_general_ci;
/*!40101 SET character_set_client = @saved_cs_client */;

--
-- Dumping data for table `endereco`
--

LOCK TABLES `endereco` WRITE;
/*!40000 ALTER TABLE `endereco` DISABLE KEYS */;
INSERT INTO `endereco` VALUES (1,1,'Principal','29400000',8,97,2048,'Rodovia ES-297',NULL,'');
/*!40000 ALTER TABLE `endereco` ENABLE KEYS */;
UNLOCK TABLES;

--
-- Table structure for table `licenca`
--

DROP TABLE IF EXISTS `licenca`;
/*!40101 SET @saved_cs_client     = @@character_set_client */;
/*!50503 SET character_set_client = utf8 */;
CREATE TABLE `licenca` (
  `id` int(11) NOT NULL AUTO_INCREMENT,
  `id_tipo_licenca` int(11) NOT NULL,
  `id_atividade` int(11) DEFAULT NULL,
  `id_orgao` int(11) NOT NULL,
  `numero` varchar(60) NOT NULL,
  `dt_ini` date NOT NULL,
  `dt_venc` date DEFAULT NULL,
  `assinatura` varchar(120) DEFAULT NULL,
  `id_cliente` int(11) DEFAULT NULL,
  `id_municipio` int(11) DEFAULT NULL,
  `descricao` mediumtext,
  PRIMARY KEY (`id`),
  KEY `id_cliente_idx` (`id_cliente`),
  KEY `id_municipio_idx` (`id_municipio`),
  KEY `fk_tipo_licenca_idx` (`id_tipo_licenca`),
  KEY `fk_licenca_atividade_idx` (`id_atividade`),
  CONSTRAINT `fk_licenca_atividade` FOREIGN KEY (`id_atividade`) REFERENCES `atividade` (`id`),
  CONSTRAINT `fk_licenca_cliente` FOREIGN KEY (`id_cliente`) REFERENCES `cliente` (`id`),
  CONSTRAINT `fk_licenca_municipio` FOREIGN KEY (`id_municipio`) REFERENCES `municipio` (`id`),
  CONSTRAINT `fk_licenca_tipo_licenca` FOREIGN KEY (`id_tipo_licenca`) REFERENCES `tipo_licenca` (`id`)
) ENGINE=InnoDB AUTO_INCREMENT=5 DEFAULT CHARSET=utf8 COLLATE=utf8_general_ci;
/*!40101 SET character_set_client = @saved_cs_client */;

--
-- Dumping data for table `licenca`
--

LOCK TABLES `licenca` WRITE;
/*!40000 ALTER TABLE `licenca` DISABLE KEYS */;
INSERT INTO `licenca` VALUES (4,1,1,6,'CGE / COED / Nª 64 / 2019 / CLASSE III','2019-11-12','2025-11-12','MARIA SEPULCRI SALAROLI',1,97,NULL);
/*!40000 ALTER TABLE `licenca` ENABLE KEYS */;
UNLOCK TABLES;

--
-- Table structure for table `municipio`
--

DROP TABLE IF EXISTS `municipio`;
/*!40101 SET @saved_cs_client     = @@character_set_client */;
/*!50503 SET character_set_client = utf8 */;
CREATE TABLE `municipio` (
  `id` int(11) NOT NULL AUTO_INCREMENT,
  `id_uf` int(11) NOT NULL,
  `ibge` char(8) NOT NULL,
  `nome` varchar(100) NOT NULL,
  PRIMARY KEY (`id`),
  UNIQUE KEY `ibge_UNIQUE` (`ibge`),
  KEY `fk_uf_idx` (`id_uf`),
  CONSTRAINT `fk_uf` FOREIGN KEY (`id_uf`) REFERENCES `uf` (`id`)
) ENGINE=InnoDB AUTO_INCREMENT=132 DEFAULT CHARSET=utf8 COLLATE=utf8_general_ci;
/*!40101 SET character_set_client = @saved_cs_client */;

--
-- Dumping data for table `municipio`
--

LOCK TABLES `municipio` WRITE;
/*!40000 ALTER TABLE `municipio` DISABLE KEYS */;
INSERT INTO `municipio` VALUES (3,11,'5103403','CUIABA'),(4,12,'5003207','CORUMBA'),(5,12,'5008305','TRES LAGOAS'),(7,13,'3106200','BELO HORIZONTE'),(8,13,'3127701','GOVERNADOR VALADARES'),(9,13,'3133600','ITAPEVA'),(10,13,'3162955','SAO JOSÉ DA LAPA'),(11,13,'3170206','UBERLANDIA'),(12,16,'4113700','LONDRINA'),(14,16,'4119905','PONTA GROSSA'),(15,19,'3301009','CAMPOS DOS GOYTACAZES'),(16,19,'3304557','RIO DE JANEIRO'),(17,21,'4307906','FARROUPILHA'),(18,21,'4308607','GARIBALDI'),(21,24,'4202404','BLUMENAU'),(22,24,'4204301','CONCORDIA'),(24,24,'4209102','JOINVILLE'),(25,25,'3513801','DIADEMA'),(26,25,'3514304','DOURADO'),(27,25,'3516200','FRANCA'),(28,25,'3518800','GUARULHOS'),(29,25,'3519071','HORTOLÂNDIA'),(30,25,'3521804','ITAI'),(31,25,'3524006','ITUPEVA'),(32,25,'3525003','JANDIRA'),(33,25,'3527207','LORENA'),(34,25,'3530607','MOGI DA CRUZES'),(35,25,'3534401','OSASCO'),(36,25,'3537107','PEDREIRA'),(37,25,'3547809','SANTO ANDRE'),(38,25,'3548708','SAO BERNARDO DO CAMPO'),(39,25,'3550308','SAO PAULO'),(43,25,'3542404','REGENTE FEIJO'),(44,5,'2931350','TEIXEIRA DE FREITAS'),(45,8,'3200102','AFONSO CLAUDIO'),(46,8,'3200169','AGUA DOCE DO NORTE'),(47,8,'3200136','AGUIA BRANCA'),(48,8,'3200201','ALEGRE'),(49,8,'3200300','ALFREDO CHAVES'),(50,8,'3200359','ALTO RIO NOVO'),(51,8,'3200409','ANCHIETA'),(52,8,'3200508','APIACA'),(53,8,'3200607','ARACRUZ'),(54,8,'3200706','ATILIO VIVACQUA'),(55,8,'3200805','BAIXO GUANDU'),(56,8,'3200904','BARRA DE SAO FRANCISCO'),(58,8,'3201001','BOA ESPERANCA'),(59,8,'3201100','BOM JESUS DO NORTE'),(60,8,'3201159','BREJETUBA'),(61,8,'3201209','CACHOEIRO DE ITAPEMIRIM'),(62,8,'3201308','CARIACICA'),(63,8,'3201407','CASTELO'),(64,8,'3201506','COLATINA'),(65,8,'3201605','CONCEICAO DA BARRA'),(66,8,'3201704','CONCEICAO DO CASTELO'),(67,13,'3118304','CONSELHEIRO LAFAIETE'),(68,8,'3201803','DIVINO DE SAO LOURENCO'),(69,8,'3201902','DOMINGOS MARTINS'),(70,8,'3202009','DORES DO RIO PRETO'),(71,8,'3202108','ECOPORANGA'),(75,8,'3202207','FUNDAO'),(76,8,'3202256','GOVERNADOR LINDENBERG'),(77,8,'3202306','GUACUI'),(78,8,'3202405','GUARAPARI'),(79,8,'3202454','IBATIBA'),(80,8,'3202504','IBIRACU'),(81,8,'3202553','IBITIRAMA'),(82,8,'3202603','ICONHA'),(83,8,'3202652','IRUPI'),(84,8,'3202702','ITAGUACU'),(85,8,'3202801','ITAPEMIRIM'),(86,8,'3202900','ITARANA'),(87,8,'3203007','IUNA'),(88,8,'3203056','JAGUARE'),(89,8,'3203106','JERONIMO MONTEIRO'),(90,8,'3203130','JOAO NEIVA'),(91,8,'3203163','LARANJA DA TERRA'),(92,8,'3203205','LINHARES'),(93,8,'3203304','MANTENOPOLIS'),(94,8,'3203320','MARATAIZES'),(95,8,'3203346','MARECHAL FLORIANO'),(96,8,'3203353','MARILANDIA'),(97,8,'3203403','MIMOSO DO SUL'),(98,8,'3203502','MONTANHA'),(99,8,'3203601','MUCURICI'),(100,8,'3203700','MUNIZ FREIRE'),(101,8,'3203809','MUQUI'),(102,8,'3203908','NOVA VENECIA'),(103,8,'3204005','PANCAS'),(104,8,'3204054','PEDRO CANARIO'),(105,8,'3204104','PINHEIROS'),(106,8,'3204203','PIUMA'),(107,8,'3204252','PONTO BELO'),(108,8,'3204302','PRESIDENTE KENNEDY'),(113,8,'3204351','RIO BANANAL'),(114,8,'3204401','RIO NOVO DO SUL'),(115,8,'3204500','SANTA LEOPOLDINA'),(116,8,'3204559','SANTA MARIA DE JETIBA'),(117,8,'3204609','SANTA TERESA'),(118,8,'3204658','SAO DOMINGOS DO NORTE'),(119,8,'3204708','SAO GABRIEL DA PALHA'),(120,8,'3204807','SAO JOSE DO CALCADO'),(121,8,'3204906','SAO MATEUS'),(122,8,'3204955','SAO ROQUE DO CANAA'),(123,8,'3205002','SERRA'),(124,8,'3205010','SOORETAMA'),(125,8,'3205036','VARGEM ALTA'),(126,8,'3205069','VENDA NOVA DO IMIGRANTE'),(127,8,'3205101','VIANA'),(128,8,'3205150','VILA PAVAO'),(129,8,'3205176','VILA VALERIO'),(130,8,'3205200','VILA VELHA'),(131,8,'3205309','VITORIA');
/*!40000 ALTER TABLE `municipio` ENABLE KEYS */;
UNLOCK TABLES;

--
-- Table structure for table `orgao_ambiental`
--

DROP TABLE IF EXISTS `orgao_ambiental`;
/*!40101 SET @saved_cs_client     = @@character_set_client */;
/*!50503 SET character_set_client = utf8 */;
CREATE TABLE `orgao_ambiental` (
  `id` int(11) NOT NULL AUTO_INCREMENT,
  `nome` varchar(300) DEFAULT NULL,
  `sigla` varchar(8) DEFAULT NULL,
  `id_uf` int(11) DEFAULT NULL,
  PRIMARY KEY (`id`),
  KEY `fk_orgao_uf_idx` (`id_uf`),
  CONSTRAINT `fk_orgao_uf` FOREIGN KEY (`id_uf`) REFERENCES `uf` (`id`)
) ENGINE=InnoDB AUTO_INCREMENT=7 DEFAULT CHARSET=utf8 COLLATE=utf8_general_ci;
/*!40101 SET character_set_client = @saved_cs_client */;

--
-- Dumping data for table `orgao_ambiental`
--

LOCK TABLES `orgao_ambiental` WRITE;
/*!40000 ALTER TABLE `orgao_ambiental` DISABLE KEYS */;
INSERT INTO `orgao_ambiental` VALUES (1,'INSTITUTO DE MEIO AMBIENTE E RECURSOS HÍDRICOS','IEMA',8),(2,'INSTITUTO DO MEIO AMBIENTE E RECURSOS HÍDRICOS','INEMA',5),(3,'INSTITUTO ESTADUAL DO RIO DE JANEIRO','INEA',19),(4,'FUNDAÇÃO ESTADUAL DO MEIO AMBIENTE','FEAM',13),(5,'COMPANHIA AMBIENTAL DO ESTADO DE SÃO PAULO','CETESB',25),(6,'INSTITUTO BRASILEIRO DO MEIO AMBIENTE E DOS RECURSOS NATURAIS RENOVÁVEIS','IBAMA',7);
/*!40000 ALTER TABLE `orgao_ambiental` ENABLE KEYS */;
UNLOCK TABLES;

--
-- Table structure for table `pessoa`
--

DROP TABLE IF EXISTS `pessoa`;
/*!40101 SET @saved_cs_client     = @@character_set_client */;
/*!50503 SET character_set_client = utf8 */;
CREATE TABLE `pessoa` (
  `id` int(11) NOT NULL AUTO_INCREMENT,
  `tipo` char(1) DEFAULT NULL,
  `cpf` varchar(11) DEFAULT NULL,
  `cnpj` varchar(14) DEFAULT NULL,
  `nome` varchar(120) DEFAULT NULL,
  `cliente` char(1) DEFAULT NULL,
  `fornecedor` char(1) DEFAULT NULL,
  `usuario` char(1) DEFAULT NULL,
  PRIMARY KEY (`id`),
  UNIQUE KEY `cpf_UNIQUE` (`cpf`),
  UNIQUE KEY `cnpj_UNIQUE` (`cnpj`),
  KEY `nome_INDEX` (`nome`)
) ENGINE=InnoDB AUTO_INCREMENT=3 DEFAULT CHARSET=utf8 COLLATE=utf8_general_ci COMMENT='	';
/*!40101 SET character_set_client = @saved_cs_client */;

--
-- Dumping data for table `pessoa`
--

LOCK TABLES `pessoa` WRITE;
/*!40000 ALTER TABLE `pessoa` DISABLE KEYS */;
INSERT INTO `pessoa` VALUES (1,'J',NULL,'03238104000127','Posto Itabapoana Ltda - EPP','S',NULL,NULL);
/*!40000 ALTER TABLE `pessoa` ENABLE KEYS */;
UNLOCK TABLES;

--
-- Table structure for table `telefone`
--

DROP TABLE IF EXISTS `telefone`;
/*!40101 SET @saved_cs_client     = @@character_set_client */;
/*!50503 SET character_set_client = utf8 */;
CREATE TABLE `telefone` (
  `id` int(11) NOT NULL AUTO_INCREMENT,
  `tipo` char(1) DEFAULT NULL,
  `numero` varchar(11) DEFAULT NULL,
  `tem_whatsapp` char(1) DEFAULT NULL,
  `id_pessoa` int(11) DEFAULT NULL,
  `descricao` varchar(30) DEFAULT NULL,
  PRIMARY KEY (`id`),
  KEY `fk_pessoa_idx` (`id_pessoa`),
  CONSTRAINT `fk_telefone_pessoa` FOREIGN KEY (`id_pessoa`) REFERENCES `pessoa` (`id`)
) ENGINE=InnoDB DEFAULT CHARSET=utf8 COLLATE=utf8_general_ci;
/*!40101 SET character_set_client = @saved_cs_client */;

--
-- Dumping data for table `telefone`
--

LOCK TABLES `telefone` WRITE;
/*!40000 ALTER TABLE `telefone` DISABLE KEYS */;
/*!40000 ALTER TABLE `telefone` ENABLE KEYS */;
UNLOCK TABLES;

--
-- Table structure for table `tipo_licenca`
--

DROP TABLE IF EXISTS `tipo_licenca`;
/*!40101 SET @saved_cs_client     = @@character_set_client */;
/*!50503 SET character_set_client = utf8 */;
CREATE TABLE `tipo_licenca` (
  `id` int(11) NOT NULL AUTO_INCREMENT,
  `nome` varchar(60) NOT NULL,
  `sigla` varchar(8) DEFAULT NULL,
  PRIMARY KEY (`id`)
) ENGINE=InnoDB AUTO_INCREMENT=2 DEFAULT CHARSET=utf8 COLLATE=utf8_general_ci;
/*!40101 SET character_set_client = @saved_cs_client */;

--
-- Dumping data for table `tipo_licenca`
--

LOCK TABLES `tipo_licenca` WRITE;
/*!40000 ALTER TABLE `tipo_licenca` DISABLE KEYS */;
INSERT INTO `tipo_licenca` VALUES (1,'LICENÇA DE OPERAÇÃO CORRETIVA','LOC');
/*!40000 ALTER TABLE `tipo_licenca` ENABLE KEYS */;
UNLOCK TABLES;

--
-- Table structure for table `uf`
--

DROP TABLE IF EXISTS `uf`;
/*!40101 SET @saved_cs_client     = @@character_set_client */;
/*!50503 SET character_set_client = utf8 */;
CREATE TABLE `uf` (
  `id` int(11) NOT NULL AUTO_INCREMENT,
  `nome` varchar(60) DEFAULT NULL,
  `sigla` char(2) DEFAULT NULL,
  PRIMARY KEY (`id`),
  UNIQUE KEY `nome_UNIQUE` (`nome`),
  UNIQUE KEY `sigla_UNIQUE` (`sigla`)
) ENGINE=InnoDB AUTO_INCREMENT=28 DEFAULT CHARSET=utf8 COLLATE=utf8_general_ci;
/*!40101 SET character_set_client = @saved_cs_client */;

--
-- Dumping data for table `uf`
--

LOCK TABLES `uf` WRITE;
/*!40000 ALTER TABLE `uf` DISABLE KEYS */;
INSERT INTO `uf` VALUES (1,'Acre','AC'),(2,'Alagoas','AL'),(3,'Amapá','AP'),(4,'Amazonas','AM'),(5,'Bahia','BA'),(6,'Ceará','CE'),(7,'Distrito Federal','DF'),(8,'Espírito Santo','ES'),(9,'Goiás','GO'),(10,'Maranhão','MA'),(11,'Mato Grosso','MT'),(12,'Mato Grosso do Sul','MS'),(13,'Minas Gerais','MG'),(14,'Pará','PA'),(15,'Paraíba','PB'),(16,'Paraná','PR'),(17,'Pernambuco','PE'),(18,'Piauí','PI'),(19,'Rio de Janeiro','RJ'),(20,'Rio Grande do Norte','RN'),(21,'Rio Grande do Sul','RS'),(22,'Rondônia','RO'),(23,'Roraima','RR'),(24,'Santa Catarina','SC'),(25,'São Paulo','SP'),(26,'Sergipe','SE'),(27,'Tocantins','TO');
/*!40000 ALTER TABLE `uf` ENABLE KEYS */;
UNLOCK TABLES;

--
-- Table structure for table `usuario`
--

DROP TABLE IF EXISTS `usuario`;
/*!40101 SET @saved_cs_client     = @@character_set_client */;
/*!50503 SET character_set_client = utf8 */;
CREATE TABLE `usuario` (
  `id` int(11) NOT NULL AUTO_INCREMENT,
  `id_pessoa` int(11) DEFAULT NULL,
  `login` varchar(20) NOT NULL,
  `senha` varchar(16) NOT NULL,
  `nome` varchar(120) NOT NULL,
  PRIMARY KEY (`id`),
  UNIQUE KEY `login_UNIQUE` (`login`)
) ENGINE=InnoDB AUTO_INCREMENT=3 DEFAULT CHARSET=utf8 COLLATE=utf8_general_ci;
/*!40101 SET character_set_client = @saved_cs_client */;

--
-- Dumping data for table `usuario`
--

LOCK TABLES `usuario` WRITE;
/*!40000 ALTER TABLE `usuario` DISABLE KEYS */;
INSERT INTO `usuario` VALUES (1,NULL,'admin','123321','Pedro Missawa'),(2,NULL,'luiz','123456','Luiz Ecoplan');
/*!40000 ALTER TABLE `usuario` ENABLE KEYS */;
UNLOCK TABLES;
/*!40103 SET TIME_ZONE=@OLD_TIME_ZONE */;

/*!40101 SET SQL_MODE=@OLD_SQL_MODE */;
/*!40014 SET FOREIGN_KEY_CHECKS=@OLD_FOREIGN_KEY_CHECKS */;
/*!40014 SET UNIQUE_CHECKS=@OLD_UNIQUE_CHECKS */;
/*!40101 SET CHARACTER_SET_CLIENT=@OLD_CHARACTER_SET_CLIENT */;
/*!40101 SET CHARACTER_SET_RESULTS=@OLD_CHARACTER_SET_RESULTS */;
/*!40101 SET COLLATION_CONNECTION=@OLD_COLLATION_CONNECTION */;
/*!40111 SET SQL_NOTES=@OLD_SQL_NOTES */;

-- Dump completed on 2020-01-10  0:55:20
